OrderID,GrowingSeasonID,DatePlaced,DateDue,DateReceived,SupplierID,OrderNumber,ShipperID,TrackingNumber,OrderComments,TotalCost,GrowingSeason,BrokerID
1470,21.0,2021-03-04,,,34.0,,0.0,,,0.0,,
1471,22.0,2021-03-04,2021-03-04 00:00:00,,34.0,111327,0.0,,,0.0,,3.0
1472,22.0,2020-05-01,2021-03-23 00:00:00,,195.0,,0.0,,,0.0,,3.0
1475,23.0,2021-09-13,2022-03-28 00:00:00,,194.0,7515685,0.0,,,0.0,,88.0
1477,23.0,2021-09-13,2022-03-21 00:00:00,,5.0,7515687,0.0,,,0.0,,88.0
1478,23.0,2021-09-13,2022-04-04 00:00:00,,94.0,7515688,0.0,,,0.0,,88.0
1479,23.0,2021-09-13,2022-03-14 00:00:00,,6.0,7515689,0.0,,,0.0,,88.0
1480,23.0,2021-09-13,2022-03-14 00:00:00,,25.0,7515690,0.0,,,0.0,,88.0
1481,23.0,2021-09-13,2022-03-07 00:00:00,,90.0,7515691,0.0,,,0.0,,88.0
1482,4.0,2021-09-13,2022-04-04 00:00:00,,204.0,,0.0,,,0.0,,88.0
1483,23.0,2021-09-13,2022-03-21 00:00:00,,6.0,7515713,0.0,,,0.0,,88.0
1484,23.0,2021-09-13,2022-03-21 00:00:00,,206.0,7515743,0.0,,,0.0,,88.0
1485,23.0,2021-09-13,2022-03-14 00:00:00,,225.0,7515756,0.0,,,0.0,,88.0
1486,23.0,2021-09-13,2022-03-07 00:00:00,,120.0,7515795,0.0,,,0.0,,88.0
1487,23.0,2021-09-13,2022-04-04 00:00:00,,120.0,7515900,0.0,,,0.0,,88.0
1488,22.0,2021-09-14,2022-02-28 00:00:00,,34.0,155789,0.0,,,0.0,,3.0
1489,23.0,2021-09-14,2022-02-28 00:00:00,,25.0,155783,0.0,,,0.0,,3.0
1491,23.0,2021-09-14,2022-02-28 00:00:00,,224.0,155780,0.0,,,0.0,,3.0
1492,23.0,2021-09-14,2022-02-28 00:00:00,,36.0,155795,0.0,,,0.0,,3.0
1493,23.0,2021-09-14,2022-02-28 00:00:00,,218.0,155784,0.0,,,0.0,,3.0
1494,23.0,2021-09-14,2022-02-28 00:00:00,,206.0,155793,0.0,,,0.0,,3.0
1495,23.0,2021-09-14,2022-03-07 00:00:00,,222.0,155835,0.0,,,0.0,,3.0
1496,23.0,2021-09-14,2022-03-07 00:00:00,,9.0,155655,0.0,,,0.0,,3.0
1497,23.0,2021-09-14,2022-03-07 00:00:00,,25.0,155827,0.0,,,0.0,,3.0
1498,23.0,2021-09-15,2022-03-07 00:00:00,,219.0,155832,0.0,,,0.0,,3.0
1499,23.0,2021-09-15,2022-03-07 00:00:00,,212.0,155858,0.0,,,0.0,,3.0
1500,23.0,2021-09-15,2022-03-07 00:00:00,,212.0,155860,0.0,,,0.0,,3.0
1501,23.0,2021-09-15,2022-03-07 00:00:00,,212.0,159051,0.0,,,0.0,,3.0
1502,23.0,2021-09-16,2022-03-14 00:00:00,,223.0,155882,0.0,,,0.0,,3.0
1503,23.0,2021-09-16,2022-03-14 00:00:00,,25.0,155880,0.0,,,0.0,,3.0
1504,23.0,2021-09-17,2022-03-15 00:00:00,,194.0,155883,0.0,,,0.0,,3.0
1505,23.0,2021-09-17,2022-03-21 00:00:00,,184.0,155885,0.0,,,0.0,,3.0
1506,23.0,2021-09-17,2022-03-21 00:00:00,,212.0,155886,0.0,,,0.0,,3.0
1507,23.0,2021-09-17,2022-03-21 00:00:00,,9.0,155656,0.0,,,0.0,,3.0
1508,23.0,2021-09-20,2022-03-28 00:00:00,,220.0,155892,0.0,,,0.0,,3.0
1509,23.0,2021-09-20,2022-03-28 00:00:00,,194.0,155889,0.0,,,0.0,,3.0
1510,23.0,2021-09-20,2022-03-28 00:00:00,,25.0,155888,0.0,,,0.0,,3.0
1511,23.0,2021-09-20,2022-03-28 00:00:00,,195.0,155902,0.0,,,0.0,,3.0
1512,23.0,2021-09-20,2022-04-04 00:00:00,,212.0,159070,0.0,,,0.0,,3.0
1513,23.0,2021-09-20,2022-04-11 00:00:00,,212.0,155901,0.0,,,0.0,,3.0
1514,23.0,2021-09-21,2022-05-02 00:00:00,,212.0,155922,0.0,,,0.0,,3.0
1515,23.0,2021-09-21,2022-04-18 00:00:00,,208.0,155305,0.0,,,0.0,,3.0
1516,22.0,2021-09-21,2021-10-04 00:00:00,,86.0,155805,0.0,,This order is an experiment- fall potting of peonies…,0.0,,3.0
1517,23.0,2021-09-21,2022-03-28 00:00:00,,212.0,159059,0.0,,,0.0,,3.0
1518,23.0,2021-09-21,2022-04-04 00:00:00,,212.0,155921,0.0,,,0.0,,3.0
1519,23.0,2021-10-20,2022-03-04 00:00:00,,26.0,1,0.0,,,0.0,,50.0
1520,23.0,2021-10-20,2022-04-04 00:00:00,,26.0,2,0.0,,,0.0,,50.0
1521,23.0,2021-10-20,2022-03-28 00:00:00,,86.0,170595,0.0,,,0.0,,3.0
1522,23.0,2021-11-08,2022-03-21 00:00:00,,93.0,7515686,0.0,,,0.0,,88.0
1524,23.0,2021-11-08,0222-03-21 00:00:00,,184.0,7604913,0.0,,,0.0,,88.0
1525,23.0,2021-11-08,2022-03-28 00:00:00,,93.0,7604912,0.0,,,0.0,,88.0
1527,23.0,2021-11-29,2022-03-07 00:00:00,,86.0,170593,0.0,,,0.0,,3.0
1528,23.0,2021-11-29,2022-03-07 00:00:00,,199.0,1239212,0.0,,,0.0,,50.0
1529,23.0,2021-11-29,2022-03-21 00:00:00,,199.0,1239213,0.0,,,0.0,,50.0
1531,23.0,2021-11-29,2022-04-04 00:00:00,,94.0,153752,0.0,,,0.0,,3.0
1532,23.0,2021-12-16,,,196.0,,0.0,,With the marigolds boys can be Bonanzas and Ladies can be Marvels if necessary.,0.0,,
1533,23.0,2021-12-16,,,18.0,,0.0,,,0.0,,
1535,23.0,2021-12-20,,,12.0,,0.0,,,0.0,,
1536,23.0,2021-12-20,,,53.0,,0.0,,,0.0,,
1537,23.0,2022-01-07,2022-05-01 00:00:00,,105.0,,0.0,,,0.0,,50.0
1538,23.0,2022-01-17,2022-03-28 00:00:00,,94.0,183368,0.0,,,0.0,,3.0
1540,23.0,2022-01-17,2022-03-14 00:00:00,,9.0,183489,0.0,,,0.0,,3.0
1541,23.0,2022-01-25,2022-04-01 00:00:00,,211.0,,0.0,,,0.0,,50.0
1543,23.0,2022-01-25,2022-04-04 00:00:00,,204.0,7515692,0.0,,,0.0,,88.0
1544,23.0,2022-01-25,2022-01-01 00:00:00,,88.0,7737882,0.0,,,0.0,,88.0
1545,23.0,2022-01-26,2022-03-28 00:00:00,,6.0,183997,0.0,,,0.0,,3.0
1546,23.0,2022-01-26,2022-05-01 00:00:00,,100.0,146314,0.0,,,0.0,,50.0
1547,23.0,2022-01-26,2022-03-14 00:00:00,,187.0,SO43861,0.0,,,0.0,,50.0
1548,23.0,2022-01-26,2022-03-21 00:00:00,,187.0,SO43888,0.0,,400 metal trellis will come with this order.,0.0,,50.0
1549,23.0,2022-01-26,2022-03-28 00:00:00,,187.0,S043889,0.0,,,0.0,,50.0
1551,22.0,2022-01-27,2022-05-15 00:00:00,,102.0,370091,0.0,,,0.0,,50.0
1552,23.0,2022-02-01,2022-03-28 00:00:00,,25.0,7769942,0.0,,,0.0,,88.0
1553,23.0,2022-02-08,2022-03-07 00:00:00,,93.0,185302,0.0,,,0.0,,3.0
1555,23.0,2022-02-08,2022-03-07 00:00:00,,184.0,185301,0.0,,,0.0,,3.0
1556,23.0,2022-02-08,2022-03-14 00:00:00,,183.0,185196,0.0,,,0.0,,88.0
1557,23.0,2022-02-08,2022-02-28 00:00:00,,6.0,7763249,0.0,,,0.0,,88.0
1558,24.0,2022-08-07,2023-02-27 00:00:00,,206.0,196394,0.0,,,0.0,,3.0
1559,24.0,2022-09-14,2023-02-27 00:00:00,,226.0,19555,0.0,,,0.0,,3.0
1560,24.0,2022-09-14,2023-02-27 00:00:00,,25.0,196359,0.0,,,0.0,,3.0
1561,24.0,2022-09-14,2023-02-27 00:00:00,,36.0,196356,0.0,,,0.0,,3.0
1562,24.0,2022-09-14,2023-02-27 00:00:00,,218.0,196388,0.0,,,0.0,,3.0
1563,24.0,2022-09-14,2023-03-06 00:00:00,,210.0,199526,0.0,,,0.0,,3.0
1564,24.0,2022-09-14,2023-03-13 00:00:00,,194.0,199395,0.0,,,0.0,,3.0
1565,24.0,2022-09-14,2023-03-13 00:00:00,,25.0,196374,0.0,,,0.0,,3.0
1566,24.0,2022-09-14,2023-03-20 00:00:00,,212.0,196377,0.0,,,0.0,,3.0
1567,24.0,2022-09-14,2023-03-27 00:00:00,,194.0,196375,0.0,,,0.0,,3.0
1568,24.0,2022-09-14,2023-03-27 00:00:00,,195.0,196384,0.0,,,0.0,,3.0
1569,24.0,2022-09-14,2023-03-27 00:00:00,,220.0,196383,0.0,,,0.0,,3.0
1570,24.0,2022-09-14,2023-03-27 00:00:00,,212.0,196389,0.0,,,0.0,,3.0
1571,24.0,2022-09-14,2023-03-27 00:00:00,,25.0,196390,0.0,,,0.0,,3.0
1572,24.0,2022-09-14,2023-03-27 00:00:00,,228.0,197237,0.0,,,0.0,,3.0
1573,24.0,2022-09-14,2023-04-03 00:00:00,,212.0,196391,0.0,,,0.0,,3.0
1574,24.0,2022-09-14,2023-04-10 00:00:00,,212.0,196392,0.0,,,0.0,,3.0
1575,24.0,2022-09-14,2023-04-17 00:00:00,,208.0,195445,0.0,,not confirmed- received recipt of order but need to find confirmation,0.0,,3.0
1576,24.0,2022-09-14,2023-05-01 00:00:00,,212.0,196393,0.0,,,0.0,,3.0
1577,24.0,2022-09-14,2023-03-06 00:00:00,,212.0,196364,0.0,,,0.0,,3.0
1579,24.0,2022-09-14,2023-03-06 00:00:00,,212.0,196369,0.0,,,0.0,,3.0
1580,24.0,2022-09-20,2023-03-06 00:00:00,,212.0,196362,0.0,,,0.0,,3.0
1581,24.0,2022-09-20,2023-03-06 00:00:00,,212.0,196368,0.0,,,0.0,,3.0
1582,24.0,2022-09-20,2023-03-06 00:00:00,,86.0,196396,0.0,,,0.0,,3.0
1583,24.0,2022-09-20,2023-03-06 00:00:00,,25.0,196363,0.0,,,0.0,,3.0
1584,24.0,2022-09-20,2023-03-06 00:00:00,,93.0,196399,0.0,,,0.0,,3.0
1585,24.0,2022-09-20,2023-03-06 00:00:00,,9.0,183453,0.0,,,0.0,,3.0
1586,24.0,2022-09-20,2023-03-20 00:00:00,,184.0,196400,0.0,,,0.0,,3.0
1587,24.0,2022-09-20,2023-03-20 00:00:00,,9.0,183454,0.0,,,0.0,,3.0
1588,24.0,2022-09-20,2023-03-27 00:00:00,,86.0,196397,0.0,,,0.0,,3.0
1589,24.0,2022-09-21,2023-03-06 00:00:00,,120.0,7987110,0.0,,,0.0,,88.0
1590,24.0,2022-09-21,2023-03-13 00:00:00,,6.0,7987159,0.0,,,0.0,,88.0
1592,24.0,2022-09-22,2023-03-20 00:00:00,,5.0,7988336,0.0,,,0.0,,88.0
1593,24.0,2022-09-22,2023-03-20 00:00:00,,194.0,7988337,0.0,,,0.0,,88.0
1594,24.0,2022-09-22,2023-03-13 00:00:00,,90.0,7987138,0.0,,,0.0,,88.0
1595,23.0,2022-09-22,,,34.0,196358,0.0,,,0.0,,3.0
1596,24.0,2022-10-25,2023-03-20 00:00:00,,187.0,SO48899,0.0,,,0.0,,50.0
1597,24.0,2022-10-25,2023-04-03 00:00:00,,187.0,SO48900,0.0,,,0.0,,50.0
1598,24.0,2022-10-25,2023-05-01 00:00:00,,187.0,SO49134,0.0,,,0.0,,50.0
1599,24.0,2022-12-05,2023-05-01 00:00:00,,105.0,,0.0,,,0.0,,50.0
1600,23.0,2022-12-06,,,14.0,,0.0,,,0.0,,
1601,24.0,2022-12-06,,,88.0,,0.0,,,0.0,,88.0
1602,24.0,2022-12-06,,,14.0,,0.0,,,0.0,,50.0
1603,24.0,2022-12-06,,,53.0,,0.0,,,0.0,,50.0
1604,24.0,2022-12-06,,,196.0,,0.0,,,0.0,,50.0
1605,24.0,2022-12-06,,,18.0,,0.0,,,0.0,,50.0
1606,24.0,2022-12-06,,,12.0,,0.0,,,0.0,,50.0
1607,24.0,2022-12-06,2023-03-20 00:00:00,,211.0,,0.0,,"Whatever the Eucalyptus was that actually came we could sell and sell, so get some of that!",0.0,,50.0
1608,24.0,2022-12-09,2023-03-13 00:00:00,,25.0,7987139,0.0,,,0.0,,88.0
1609,24.0,2022-12-19,2023-03-03 00:00:00,,26.0,1,0.0,,,0.0,,50.0
1610,23.0,2022-12-19,2023-04-04 00:00:00,,26.0,2,0.0,,,0.0,,50.0
1611,24.0,2023-01-09,2023-04-03 00:00:00,,26.0,2,0.0,,,0.0,,50.0
1612,24.0,2023-01-11,2023-03-13 00:00:00,,229.0,217233,0.0,,,0.0,,3.0
1613,24.0,2023-01-11,2023-03-13 00:00:00,,219.0,217247,0.0,,,0.0,,3.0
1614,24.0,2023-01-11,2023-03-20 00:00:00,,93.0,7988319,0.0,,,0.0,,88.0
1615,24.0,2023-01-11,2023-04-03 00:00:00,,120.0,7988382,0.0,,,0.0,,88.0
1616,24.0,2023-01-19,2023-04-03 00:00:00,,120.0,8189557,0.0,,,0.0,,88.0
1617,25.0,2023-12-04,,,14.0,,0.0,,,0.0,,50.0
1618,25.0,2023-12-04,,,,,0.0,,,0.0,,
1619,25.0,2023-12-04,,,53.0,5504,0.0,,,0.0,,50.0
1620,25.0,2023-12-04,,,196.0,,0.0,,,0.0,,50.0
1621,25.0,2023-12-04,,,18.0,,0.0,,,0.0,,50.0
1622,25.0,2023-12-06,2024-05-03 00:00:00,,105.0,846,0.0,,,0.0,,50.0
1623,25.0,2023-12-07,2024-02-26 00:00:00,,36.0,230456,0.0,,,0.0,,3.0
1624,25.0,2023-12-07,2024-02-26 00:00:00,,25.0,230453,0.0,,,0.0,,3.0
1625,25.0,2023-12-07,2024-02-26 00:00:00,,218.0,230454,0.0,,,0.0,,3.0
1626,25.0,2023-12-07,2024-03-11 00:00:00,,206.0,230455,0.0,,,0.0,,3.0
1627,25.0,2023-12-07,2024-02-26 00:00:00,,226.0,230457,0.0,,,0.0,,3.0
1628,25.0,2023-12-07,2024-03-04 00:00:00,,26.0,1,0.0,,,0.0,,50.0
1629,25.0,2023-12-07,2024-04-01 00:00:00,,26.0,2,0.0,,,0.0,,50.0
1630,25.0,2023-12-07,2024-03-04 00:00:00,,86.0,230459,0.0,,,0.0,,3.0
1631,25.0,2023-12-07,2024-03-04 00:00:00,,25.0,230458,0.0,,,0.0,,3.0
1632,25.0,2023-12-07,2024-03-25 00:00:00,,25.0,230513,0.0,,,0.0,,3.0
1633,25.0,2023-12-07,2024-03-04 00:00:00,,212.0,230462,0.0,,,0.0,,3.0
1634,25.0,2023-12-08,2024-03-25 00:00:00,,212.0,230521,0.0,,,0.0,,3.0
1635,25.0,2023-12-08,2024-03-11 00:00:00,,219.0,230479,0.0,,,0.0,,3.0
1636,25.0,2023-12-08,2024-03-11 00:00:00,,25.0,230474,0.0,,,0.0,,3.0
1638,25.0,2023-12-08,2024-03-11 00:00:00,,194.0,230485,0.0,,,0.0,,3.0
1639,25.0,2023-12-08,2024-03-18 00:00:00,,212.0,230510,0.0,,,0.0,,3.0
1640,25.0,2023-12-08,2024-03-25 00:00:00,,195.0,230524,0.0,,,0.0,,3.0
1641,25.0,2023-12-08,2024-04-01 00:00:00,,212.0,230525,0.0,,,0.0,,3.0
1642,25.0,2023-12-08,2024-03-25 00:00:00,,228.0,230517,0.0,,,0.0,,3.0
1643,25.0,2023-12-08,2024-03-25 00:00:00,,194.0,230515,0.0,,,0.0,,3.0
1644,25.0,2023-12-08,2024-03-25 00:00:00,,220.0,230519,0.0,,,0.0,,3.0
1645,25.0,2023-12-08,2024-04-08 00:00:00,,212.0,230528,0.0,,,0.0,,3.0
1647,25.0,2023-12-08,2024-04-15 00:00:00,,208.0,231265,0.0,,,0.0,,3.0
1648,25.0,2023-12-08,2023-05-06 00:00:00,,212.0,230529,0.0,,,0.0,,3.0
1649,25.0,2023-12-08,2024-03-11 00:00:00,,9.0,230471,0.0,,,0.0,,3.0
1650,25.0,2023-12-08,2024-03-11 00:00:00,,229.0,230477,0.0,,,0.0,,3.0
1651,25.0,2023-12-08,2024-03-18 00:00:00,,184.0,230508,0.0,,,0.0,,3.0
1652,25.0,2023-12-08,2024-03-18 00:00:00,,222.0,230460,0.0,,,0.0,,3.0
1653,25.0,2023-12-08,2024-03-11 00:00:00,,223.0,230484,0.0,,,0.0,,3.0
1654,25.0,2023-12-08,2024-03-25 00:00:00,,86.0,230514,0.0,,,0.0,,3.0
1655,25.0,2023-12-08,2024-03-18 00:00:00,,9.0,230511,0.0,,,0.0,,3.0
1657,25.0,2023-12-08,2024-03-10 00:00:00,,230.0,8589967,0.0,,,0.0,,88.0
1658,25.0,2023-12-11,2024-03-18 00:00:00,,90.0,8596089,0.0,,,0.0,,88.0
1659,25.0,2023-12-11,2024-03-11 00:00:00,,25.0,8596090,0.0,,,0.0,,88.0
1661,25.0,2024-02-06,2024-03-18 00:00:00,,5.0,8599434,0.0,,,0.0,,88.0
1662,25.0,2023-12-11,2024-03-18 00:00:00,,194.0,8599441,0.0,,,0.0,,88.0
1663,25.0,2023-12-11,2024-03-18 00:00:00,,93.0,8599423,0.0,,,0.0,,88.0
1664,25.0,2023-12-11,2024-04-01 00:00:00,,230.0,8599463,0.0,,,0.0,,88.0
1666,25.0,2024-01-04,2024-03-04 00:00:00,,25.0,8596070,0.0,,,0.0,,88.0
1668,25.0,2024-01-04,2024-03-01 00:00:00,,184.0,8596071,0.0,,,0.0,,88.0
1670,25.0,2024-01-09,2024-03-18 00:00:00,,6.0,250788,0.0,,,0.0,,3.0
1671,25.0,2024-01-09,2024-03-25 00:00:00,,6.0,250656,0.0,,,0.0,,3.0
1672,25.0,2024-01-10,2024-03-11 00:00:00,,231.0,8596073,0.0,,,0.0,,88.0
1673,25.0,2024-01-10,2024-03-11 00:00:00,,206.0,8596072,0.0,,,0.0,,88.0
1674,25.0,2024-01-17,2024-03-20 00:00:00,,211.0,,0.0,,,0.0,,50.0
1675,25.0,2024-01-17,2024-04-29 00:00:00,,84.0,40110111800,0.0,,,0.0,,50.0
1676,25.0,2024-02-07,2024-03-10 00:00:00,,231.0,8645973,0.0,,,0.0,,88.0
1677,25.0,2024-02-07,2024-03-10 00:00:00,,6.0,8645974,0.0,,,0.0,,88.0
1678,25.0,2024-02-07,2024-04-01 00:00:00,,204.0,8614738,0.0,,,0.0,,88.0
1679,,2024-02-27,,,,,0.0,,,0.0,,
1680,25.0,2024-02-27,2024-03-25 00:00:00,,231.0,868454,0.0,,,0.0,,88.0
1681,25.0,2024-02-27,2024-03-25 00:00:00,,232.0,8684544,0.0,,,0.0,,88.0
1683,26.0,2024-09-09,,,0.0,,0.0,,,0.0,,
1684,25.0,2024-04-19,2024-04-23 00:00:00,,233.0,SI-179745,0.0,,,0.0,,50.0
1685,25.0,2024-04-29,2024-04-30 00:00:00,,233.0,SI-180657,0.0,,,0.0,,50.0
1686,26.0,2024-11-18,2025-03-10 00:00:00,,26.0,11095,0.0,,,0.0,,50.0
1687,26.0,2024-11-18,2025-04-07 00:00:00,,26.0,11098,0.0,,,0.0,,50.0
1688,26.0,2024-11-18,2025-03-10 00:00:00,,25.0,2001513,0.0,,,0.0,,3.0
1689,26.0,2024-11-18,2025-03-10 00:00:00,,9.0,2001488,0.0,,,0.0,,3.0
1690,26.0,2024-11-18,2025-03-17 00:00:00,,9.0,2001501,0.0,,,0.0,,3.0
1691,26.0,2024-11-18,2025-03-17 00:00:00,,184.0,2001493,0.0,,,0.0,,3.0
1692,26.0,2024-11-18,2025-03-24 00:00:00,,212.0,2001531,0.0,,,0.0,,3.0
1693,26.0,2024-11-18,2025-03-03 00:00:00,,25.0,2001494,0.0,,,0.0,,3.0
1694,26.0,2024-11-18,2025-04-07 00:00:00,,208.0,2001536,0.0,,,0.0,,3.0
1695,26.0,2024-11-18,2025-03-24 00:00:00,,194.0,2001527,0.0,,,0.0,,3.0
1696,26.0,2024-11-18,2025-03-10 00:00:00,,194.0,2001456,0.0,,,0.0,,3.0
1697,26.0,2024-11-18,2025-03-17 00:00:00,,212.0,2001497,0.0,,,0.0,,3.0
1699,26.0,2024-11-18,2025-03-10 00:00:00,,229.0,2001429,0.0,,,0.0,,3.0
1700,26.0,2024-11-18,2025-03-17 00:00:00,,6.0,2001521,0.0,,,0.0,,3.0
1701,26.0,2024-11-18,2025-03-10 00:00:00,,206.0,2001438,0.0,,,0.0,,3.0
1702,26.0,2024-11-20,2025-02-24 00:00:00,,36.0,2001424,0.0,,,0.0,,3.0
1703,26.0,2024-11-20,2025-02-24 00:00:00,,25.0,2001426,0.0,,,0.0,,3.0
1704,26.0,2024-11-20,2025-02-24 00:00:00,,218.0,2001432,0.0,,,0.0,,3.0
1705,26.0,2024-11-20,2025-03-03 00:00:00,,226.0,2001511,0.0,,,0.0,,3.0
1706,26.0,2024-11-20,2025-03-03 00:00:00,,212.0,2001443,0.0,,,0.0,,3.0
1707,26.0,2024-11-20,2025-03-17 00:00:00,,222.0,2001492,0.0,,,0.0,,3.0
1708,26.0,2024-11-20,2025-03-24 00:00:00,,25.0,2001524,0.0,,,0.0,,3.0
1709,26.0,2024-11-20,2025-03-25 00:00:00,,6.0,2001523,0.0,,,0.0,,3.0
1710,26.0,2024-11-20,2025-03-24 00:00:00,,228.0,2001529,0.0,,,0.0,,3.0
1711,26.0,2024-11-20,2025-03-24 00:00:00,,220.0,2001550,0.0,,,0.0,,3.0
1712,26.0,2024-11-20,2025-03-31 00:00:00,,212.0,2001534,0.0,,,0.0,,3.0
1713,26.0,2024-11-20,2025-04-07 00:00:00,,212.0,2001539,0.0,,,0.0,,3.0
1714,26.0,2024-11-20,2025-05-05 00:00:00,,212.0,2001540,0.0,,,0.0,,3.0
1716,26.0,2024-12-01,2025-03-24 00:00:00,,195.0,2020311,0.0,,,0.0,,3.0
1717,26.0,2024-12-02,2025-03-03 00:00:00,,222.0,2020314,0.0,,,0.0,,3.0
1718,26.0,2024-12-02,2025-03-24 00:00:00,,,2020301,0.0,,,0.0,,3.0
1719,26.0,2024-12-02,2025-03-24 00:00:00,,234.0,2020301,0.0,,,0.0,,3.0
1720,26.0,2024-12-04,2025-03-17 00:00:00,,25.0,9005010,0.0,,,0.0,,88.0
1721,26.0,2024-12-04,2025-03-10 00:00:00,,25.0,9004972,0.0,,,0.0,,88.0
1722,26.0,2024-12-04,2025-03-31 00:00:00,,120.0,9005154,0.0,,,0.0,,88.0
1723,26.0,2024-12-04,2025-03-10 00:00:00,,120.0,9005121,0.0,,,0.0,,88.0
1724,26.0,2024-12-04,2025-03-17 00:00:00,,93.0,9007941,0.0,,,0.0,,88.0
1725,26.0,2024-12-04,2025-03-17 00:00:00,,5.0,9007919,0.0,,,0.0,,88.0
1726,26.0,2024-12-04,2025-03-10 00:00:00,,231.0,8645793,0.0,,,0.0,,88.0
1727,26.0,2024-12-06,2025-03-10 00:00:00,,6.0,8645974,0.0,,,0.0,,88.0
1729,26.0,2024-12-06,2025-03-17 00:00:00,,206.0,9007981,0.0,,,0.0,,88.0
1730,26.0,2024-12-06,2025-03-17 00:00:00,,194.0,9007923,0.0,,,0.0,,88.0
1731,26.0,2024-12-06,2025-03-31 00:00:00,,220.0,9005140,0.0,,,0.0,,88.0
1732,26.0,2024-12-11,2024-05-02 00:00:00,,105.0,1325,0.0,,,0.0,,50.0
1733,26.0,2024-12-11,2025-03-24 00:00:00,,77.0,2021216,0.0,,,0.0,,3.0
1734,26.0,2024-12-18,,,196.0,,0.0,,,0.0,,50.0
1735,26.0,2024-12-18,,,14.0,,0.0,,,0.0,,50.0
1736,26.0,2024-12-18,,,18.0,,0.0,,,0.0,,50.0
1737,26.0,2024-12-18,,,53.0,,0.0,,,0.0,,50.0
1738,26.0,2024-12-18,2025-03-17 00:00:00,,90.0,9005011,0.0,,,0.0,,88.0
1739,26.0,2025-02-10,2025-03-24 00:00:00,,211.0,,0.0,,,0.0,,50.0
1740,26.0,2025-02-10,2025-02-10 00:00:00,,74.0,,0.0,,,0.0,,50.0
10,4.0,2001-12-31,2001-12-31 00:00:00,2001-12-31,50.0,,0.0,,Historical data - entered by Judith,0.0,2002.0,
11,4.0,2001-12-31,2001-12-31 00:00:00,2001-12-31,18.0,,0.0,,Historical data - entered by Judith,0.0,2002.0,
12,4.0,,2001-12-31 00:00:00,2001-12-31,50.0,,0.0,,Historical data - entered by Judith,0.0,2002.0,
13,4.0,2001-12-31,2001-12-31 00:00:00,2001-12-31,51.0,,0.0,,Historical data - entered by Judith,0.0,2002.0,
14,4.0,2001-12-31,2001-12-31 00:00:00,2001-12-31,1.0,,0.0,,Historical data - entered by Judith,0.0,2002.0,
15,4.0,2001-12-30,2001-12-31 00:00:00,2001-12-31,11.0,,0.0,,,0.0,2002.0,
16,4.0,2001-12-31,2001-12-31 00:00:00,2001-12-31,10.0,,0.0,,Historical data - entered by Judith,0.0,2002.0,
17,4.0,2001-12-31,2001-12-31 00:00:00,2001-12-31,4.0,,0.0,,Historical data - entered by Judith,0.0,2002.0,
18,4.0,2001-12-31,2001-12-31 00:00:00,2001-12-31,2.0,,0.0,,Historical data - entered by Judith,0.0,2002.0,
19,4.0,2001-12-31,2001-12-31 00:00:00,2001-12-31,19.0,,0.0,,Historical data - entered by Judith,0.0,2002.0,
20,4.0,2001-12-31,2001-12-31 00:00:00,2001-12-31,20.0,,0.0,,Historical data - entered by Judith,0.0,2002.0,
21,4.0,2001-12-20,,,14.0,,0.0,,Historical data - entered by Judith,0.0,2002.0,
22,4.0,2001-12-31,2001-12-31 00:00:00,2001-12-31,15.0,,0.0,,Historical data - entered by Judith,0.0,2002.0,
23,4.0,2001-12-31,2001-12-31 00:00:00,2001-12-31,3.0,,0.0,,Historical data - entered by Judith,0.0,2002.0,
24,4.0,2001-12-31,2001-12-31 00:00:00,2001-12-31,21.0,,0.0,,Historical data - entered by Judith.,0.0,2002.0,
25,4.0,2001-12-31,2001-12-31 00:00:00,2001-12-31,12.0,,0.0,,Historical data - entered by Judith.,0.0,2002.0,
26,4.0,2001-12-31,2001-12-31 00:00:00,2001-12-31,13.0,,0.0,,Historical data - entered by Judith,0.0,2002.0,
27,4.0,2001-12-31,2001-12-31 00:00:00,2001-12-31,17.0,,0.0,,Historical data - entered by Judith,0.0,2002.0,
29,4.0,2001-12-31,2001-12-31 00:00:00,2001-12-31,52.0,,0.0,,Historical data - entered by Judith,0.0,2002.0,
30,4.0,2001-12-31,2001-12-31 00:00:00,2001-12-31,53.0,,0.0,,Historical data - entered by Judith,0.0,2002.0,
36,3.0,2002-12-06,,,56.0,,0.0,,,0.0,2003.0,
37,3.0,2002-12-06,,,54.0,,0.0,,,0.0,2003.0,
38,3.0,2002-12-06,,,10.0,,0.0,,,0.0,2003.0,
39,3.0,2002-12-06,,,55.0,,0.0,,,0.0,2003.0,
40,3.0,2002-12-06,,,11.0,0175512,0.0,,,0.0,2003.0,
41,3.0,2002-12-06,,,57.0,,0.0,,,0.0,2003.0,
42,3.0,2002-12-06,,,49.0,,0.0,,,0.0,2003.0,
43,3.0,2002-12-06,,,58.0,,0.0,,,0.0,2003.0,
44,3.0,2002-12-06,2003-03-10 00:00:00,,9.0,,0.0,,,0.0,2003.0,
45,3.0,2002-12-06,2003-03-10 00:00:00,,59.0,,0.0,,,0.0,2003.0,
46,3.0,2002-12-06,2003-03-10 00:00:00,,6.0,202994,5.0,,,0.0,2003.0,
47,3.0,2002-12-07,2003-03-10 00:00:00,,6.0,202957,0.0,,,0.0,2003.0,
48,3.0,2002-12-17,,,3.0,,0.0,,,0.0,2003.0,
53,4.0,2001-12-19,,,14.0,,0.0,,,0.0,2002.0,
54,3.0,2002-12-23,,,14.0,74334,0.0,,,0.0,2003.0,
55,3.0,2002-12-23,,,15.0,,0.0,,,0.0,2003.0,
56,3.0,2002-12-23,2002-12-23 00:00:00,,1.0,,0.0,,,0.0,2003.0,
59,3.0,2003-01-13,,,2.0,,0.0,,,0.0,2003.0,
60,3.0,2003-01-13,,,12.0,,0.0,,,0.0,2003.0,
61,3.0,2003-01-13,,,20.0,,0.0,,,0.0,2003.0,
62,3.0,2003-01-13,,,18.0,,0.0,,,0.0,2003.0,
63,3.0,2003-01-14,,,16.0,,0.0,,,0.0,2003.0,
64,3.0,2003-01-14,,,13.0,,0.0,,,0.0,2003.0,
65,3.0,2003-01-14,,,19.0,,0.0,,,0.0,2003.0,
66,3.0,2003-01-14,,,4.0,,0.0,,,0.0,2003.0,
68,3.0,2003-01-14,,,61.0,,0.0,,,0.0,2003.0,
69,3.0,2003-01-14,,,21.0,,0.0,,,0.0,2003.0,
70,3.0,2003-01-14,,,53.0,,0.0,,,0.0,2003.0,
71,3.0,2002-09-29,2003-03-17 00:00:00,,28.0,217880-00,5.0,,,0.0,2003.0,
72,3.0,2002-12-18,2003-03-10 00:00:00,,60.0,4077,2.0,,,0.0,2003.0,
73,3.0,2002-11-18,2003-03-17 00:00:00,,25.0,21563,5.0,,,0.0,2003.0,
74,3.0,2002-10-24,2003-03-03 00:00:00,,25.0,20732,5.0,,,0.0,2003.0,
75,3.0,2002-09-30,2003-03-10 00:00:00,,33.0,217831-00,4.0,,,0.0,2003.0,
76,3.0,2002-11-18,2003-03-10 00:00:00,,26.0,,1.0,,,0.0,2003.0,
77,3.0,2002-12-02,2003-04-21 00:00:00,,26.0,,1.0,,,0.0,2003.0,
78,3.0,2002-09-30,2003-03-17 00:00:00,,28.0,217897-00,5.0,,maybe I have erased some of these entries by mistake,0.0,2003.0,
79,3.0,2002-09-30,2003-03-10 00:00:00,,38.0,217878-00,4.0,,,0.0,2003.0,
80,3.0,2002-11-26,2003-05-05 00:00:00,,27.0,229519-00,1.0,,"I might have messed this one up too, forgot to copy before making adjustments",0.0,2003.0,
81,3.0,2002-09-27,2003-03-03 00:00:00,,28.0,217905-00,5.0,,,0.0,2003.0,
82,3.0,2002-09-30,2003-03-03 00:00:00,,36.0,217841-00,6.0,,,0.0,2003.0,
83,3.0,2002-12-02,2003-03-10 00:00:00,,29.0,,5.0,,,0.0,2003.0,
84,3.0,2002-09-30,2003-03-03 00:00:00,,32.0,217832-00,5.0,,,0.0,2003.0,
85,3.0,2002-09-28,2003-03-31 00:00:00,,28.0,217900-00,5.0,,,0.0,2003.0,
86,3.0,2002-09-26,2003-03-03 00:00:00,,28.0,217847-00,5.0,,,0.0,2003.0,
87,3.0,2002-09-30,2003-03-03 00:00:00,,33.0,217829,4.0,,,0.0,2003.0,
88,3.0,2002-09-29,2003-03-03 00:00:00,,36.0,217836-00,6.0,,,0.0,2003.0,
89,3.0,2002-09-28,2003-03-17 00:00:00,,36.0,217842-00,6.0,,,0.0,2003.0,
90,3.0,2002-09-29,2003-03-03 00:00:00,,32.0,217834-00,5.0,,,0.0,2003.0,
91,3.0,2002-09-30,2003-03-03 00:00:00,,34.0,217844-00,4.0,,,0.0,2003.0,
92,3.0,2002-09-25,2003-03-17 00:00:00,,28.0,217912-00,5.0,,,0.0,2003.0,
93,3.0,2002-09-24,2003-03-17 00:00:00,,28.0,217890-00,5.0,,,0.0,2003.0,
94,3.0,2003-01-03,,,43.0,A119565,2.0,,,0.0,2003.0,
95,3.0,2003-01-23,,,42.0,6848,0.0,,,0.0,2003.0,
96,3.0,2002-12-06,,,3.0,229671,0.0,,,0.0,2003.0,
97,3.0,2003-01-23,,,40.0,,0.0,,,0.0,2003.0,
98,3.0,2003-01-23,,,41.0,,0.0,,,0.0,2003.0,
99,3.0,2003-01-23,,,63.0,234345,0.0,,,0.0,2003.0,
100,3.0,2003-01-24,2003-04-01 00:00:00,,64.0,14494,0.0,,,0.0,2003.0,
101,3.0,2003-02-07,,,7.0,,0.0,,,0.0,2003.0,
102,3.0,2003-01-21,2003-03-17 00:00:00,,23.0,6042,1.0,,,0.0,2003.0,
103,3.0,2003-02-13,,,24.0,,0.0,,,0.0,2003.0,
106,3.0,2002-11-22,2003-06-16 00:00:00,,28.0,228659-00,0.0,,,0.0,2003.0,
107,3.0,2003-01-22,2003-05-12 00:00:00,,67.0,80324,2.0,,,0.0,2003.0,
108,3.0,2003-02-10,2003-05-12 00:00:00,,68.0,00001526,0.0,,,0.0,2003.0,
109,3.0,2003-02-08,,,66.0,,0.0,,,0.0,2003.0,
119,3.0,2003-05-31,,,50.0,,0.0,,,0.0,2003.0,
121,3.0,2003-03-05,2003-03-18 00:00:00,,3.0,246637-00,0.0,,,0.0,2003.0,
122,1.0,2003-12-02,2004-01-30 00:00:00,,3.0,,0.0,,,0.0,2004.0,
124,1.0,2003-12-02,2004-01-30 00:00:00,,14.0,,0.0,,,0.0,2004.0,
125,1.0,2003-12-03,2004-01-30 00:00:00,,1.0,,0.0,,,0.0,2004.0,
126,1.0,2003-12-23,,,72.0,,0.0,,,0.0,2004.0,
127,1.0,2003-12-03,2004-01-30 00:00:00,,4.0,,0.0,,,0.0,2004.0,
128,1.0,2003-12-03,2004-01-30 00:00:00,,21.0,,0.0,,,0.0,2004.0,
129,1.0,2003-12-03,2004-01-30 00:00:00,,16.0,,0.0,,,0.0,2004.0,
130,1.0,2003-12-03,2004-01-30 00:00:00,,18.0,,0.0,,,0.0,2004.0,
131,1.0,2003-12-03,2004-01-30 00:00:00,,15.0,,0.0,,,0.0,2004.0,
132,1.0,2003-12-03,2004-01-30 00:00:00,,53.0,,0.0,,,0.0,2004.0,
133,1.0,2003-12-03,2004-01-30 00:00:00,,13.0,,0.0,,,0.0,2004.0,
134,1.0,2003-12-03,2004-01-30 00:00:00,,20.0,,0.0,,,0.0,2004.0,
135,1.0,2003-12-03,2004-01-30 00:00:00,,2.0,,0.0,,,0.0,2004.0,
136,1.0,2003-12-04,2004-01-30 00:00:00,,19.0,,0.0,,,0.0,2004.0,
137,1.0,2003-12-04,2004-03-15 00:00:00,,59.0,,0.0,,,0.0,2004.0,
138,1.0,2003-12-05,2004-03-15 00:00:00,,9.0,,0.0,,,0.0,2004.0,
139,1.0,2003-12-08,2004-03-15 00:00:00,,28.0,271817-00,0.0,,,0.0,2004.0,
140,1.0,2003-12-08,2004-03-01 00:00:00,,28.0,271807-00,0.0,,,0.0,2004.0,
141,1.0,2003-12-08,2004-03-15 00:00:00,,28.0,271810-00,0.0,,,0.0,2004.0,
142,1.0,2003-12-08,2004-03-15 00:00:00,,28.0,271821-00,0.0,,,0.0,2004.0,
143,1.0,2003-12-09,2004-03-15 00:00:00,,28.0,271819-00,0.0,,,0.0,2004.0,
144,1.0,2003-12-09,2004-03-08 00:00:00,,38.0,270651-00,0.0,,,0.0,2004.0,
145,1.0,2003-12-09,2004-03-29 00:00:00,,28.0,271809-00,0.0,,,0.0,2004.0,
146,1.0,2003-12-09,2004-03-15 00:00:00,,28.0,271816-00,0.0,,,0.0,2004.0,
147,1.0,2003-12-10,2004-03-15 00:00:00,,6.0,238300,0.0,,,0.0,2004.0,
148,1.0,2003-12-10,2004-04-05 00:00:00,,6.0,238327,0.0,,,0.0,2004.0,
149,1.0,2003-12-10,2004-03-01 00:00:00,,33.0,270640-00,0.0,,,0.0,2004.0,
150,1.0,2005-09-20,2004-03-01 00:00:00,,33.0,270648-00,0.0,,,0.0,2004.0,
151,1.0,2003-12-10,2004-03-01 00:00:00,,36.0,271790-00,0.0,,,0.0,2004.0,
152,1.0,2003-12-10,2004-03-01 00:00:00,,36.0,271804-00,0.0,,,0.0,2004.0,
153,1.0,2003-12-10,2004-03-01 00:00:00,,69.0,270638-00,0.0,,,0.0,2004.0,
154,1.0,2003-12-10,2004-03-01 00:00:00,,70.0,273836-00,0.0,,,0.0,2004.0,
155,1.0,2003-12-10,2004-03-01 00:00:00,,34.0,270637-00,0.0,,,0.0,2004.0,
156,1.0,2003-12-10,2004-03-01 00:00:00,,32.0,270630,0.0,,,0.0,2004.0,
157,2.0,2004-09-20,2005-03-14 00:00:00,,36.0,330193-00,0.0,,,0.0,2004.0,
158,1.0,2003-12-10,2004-05-03 00:00:00,,27.0,287482-00,0.0,,,0.0,2004.0,
159,1.0,2003-12-10,2004-05-31 00:00:00,,28.0,287480-00,0.0,,,0.0,2004.0,
160,1.0,2003-12-15,2004-03-08 00:00:00,,26.0,,0.0,,,0.0,2004.0,
161,1.0,2003-12-15,2004-04-19 00:00:00,,26.0,,0.0,,,0.0,2004.0,
162,1.0,2003-12-15,2004-03-08 00:00:00,,29.0,,0.0,,,0.0,2004.0,
163,1.0,2003-12-15,2004-03-01 00:00:00,,25.0,33223=33636,0.0,,,0.0,2004.0,
164,1.0,2003-12-15,2004-03-15 00:00:00,,25.0,33262,0.0,,,0.0,2004.0,
166,2.0,2004-12-23,,,11.0,,0.0,,,0.0,2004.0,
167,1.0,,2004-01-30 00:00:00,,10.0,,0.0,,,0.0,2004.0,
168,1.0,2004-01-28,2004-01-30 00:00:00,,73.0,,0.0,,,0.0,2004.0,
169,5.0,2006-01-18,,,54.0,,0.0,,,0.0,2004.0,
170,1.0,2004-01-28,2004-01-30 00:00:00,,56.0,,0.0,,,0.0,2004.0,
171,1.0,2004-01-28,2004-01-30 00:00:00,,57.0,,0.0,,,0.0,2004.0,
172,2.0,2004-12-23,,,55.0,,0.0,,,0.0,2004.0,
173,4.0,2002-01-28,,,55.0,,0.0,,,0.0,2002.0,
174,1.0,2004-01-29,2004-01-30 00:00:00,,12.0,,0.0,,,0.0,2004.0,
175,1.0,2004-01-30,2004-01-30 00:00:00,,74.0,,0.0,,,0.0,2004.0,
176,1.0,2004-02-06,2004-04-30 00:00:00,,66.0,,0.0,,,0.0,2004.0,
177,1.0,2004-01-29,2004-03-01 00:00:00,,75.0,,0.0,,,0.0,2004.0,
178,,2004-02-06,,,,,0.0,,,0.0,,
179,1.0,2003-12-08,2004-01-01 00:00:00,,42.0,12309,5.0,,,0.0,2004.0,
180,1.0,2004-02-16,2004-02-15 00:00:00,,76.0,25122,0.0,,,0.0,2004.0,
181,1.0,2004-02-16,,,31.0,,0.0,,,0.0,2004.0,
182,1.0,2004-02-16,2004-03-08 00:00:00,,35.0,293293,0.0,,,0.0,2004.0,
183,1.0,2004-02-16,2004-03-01 00:00:00,,77.0,293412,0.0,,,0.0,2004.0,
184,1.0,2004-02-17,2004-01-01 00:00:00,,43.0,,0.0,,,0.0,2004.0,
185,,2004-03-01,,,,,0.0,,,0.0,,
186,1.0,2004-03-01,2004-04-15 00:00:00,,65.0,32861,0.0,,,0.0,2004.0,
187,1.0,2004-03-08,,,50.0,,0.0,,,0.0,2004.0,
189,,2004-03-18,,,58.0,,0.0,,,0.0,,
190,1.0,2004-03-17,,,58.0,,0.0,,,0.0,2004.0,
191,,2004-03-17,,,79.0,,0.0,,,0.0,,
196,5.0,2006-01-18,,,80.0,,0.0,,,,,
197,,2004-03-24,,,0.0,,0.0,,,44.8,,
198,,2004-03-24,,,80.0,,0.0,,,0.0,,
199,1.0,2004-03-19,,,81.0,53155,0.0,,,0.0,2004.0,
200,,2004-04-11,,,50.0,,0.0,,,0.0,,
211,2.0,2004-12-23,,,21.0,,0.0,,,0.0,,
212,2.0,2004-12-27,,,53.0,,0.0,,,0.0,,
213,2.0,2004-12-25,,,19.0,,0.0,,,0.0,,
214,2.0,2004-12-23,,,18.0,,0.0,,,0.0,,
215,2.0,2004-12-23,,,72.0,,0.0,,,0.0,,
216,2.0,2004-12-27,,,4.0,,0.0,,,0.0,,
217,2.0,2004-12-18,,,1.0,,0.0,,,0.0,,
218,2.0,2004-12-20,,,14.0,,0.0,,,0.0,,
220,2.0,2004-12-20,,,3.0,,0.0,,,0.0,,
221,2.0,2004-08-20,,,9.0,41255 & 41253,0.0,,,0.0,,
223,2.0,2004-12-29,,,73.0,,0.0,,,0.0,,
224,2.0,2004-12-28,,,54.0,,0.0,,,0.0,,
225,5.0,2006-01-18,,,10.0,,0.0,,,0.0,,
226,5.0,2006-01-18,,,56.0,,0.0,,,0.0,,
227,2.0,2005-01-19,,,15.0,,0.0,,,0.0,,
228,2.0,2005-01-19,,,16.0,,0.0,,,0.0,,
229,2.0,2005-01-19,,,2.0,,0.0,,,0.0,,
230,2.0,2005-01-19,,,74.0,,0.0,,,0.0,,
231,2.0,2005-01-18,,,20.0,,0.0,,,0.0,,
232,5.0,2005-01-17,,,12.0,,0.0,,,0.0,,
233,2.0,2005-01-19,,,13.0,,0.0,,,0.0,,
234,2.0,2005-01-21,,,82.0,,0.0,,,0.0,,
235,2.0,2005-01-21,,,57.0,,0.0,,,0.0,,
236,0.0,,,,27.0,,0.0,,,0.0,,
237,5.0,2005-12-09,2006-03-13 00:00:00,,6.0,,0.0,,,0.0,,
238,2.0,2004-09-23,2005-02-28 00:00:00,,77.0,330859-00,0.0,,,0.0,,
239,2.0,2005-01-10,2005-02-28 00:00:00,,36.0,330181-00,0.0,,,0.0,,
240,2.0,2004-09-20,2005-02-28 00:00:00,,32.0,330201-00,0.0,,,0.0,,
241,2.0,2004-09-20,2005-02-28 00:00:00,,28.0,330210-00,0.0,,,0.0,,
242,5.0,2005-11-21,2006-03-06 00:00:00,,33.0,406939-00,0.0,,,0.0,,
243,2.0,2004-09-20,2005-02-28 00:00:00,,33.0,330198-00,0.0,,,0.0,,
244,2.0,2004-09-23,2005-02-28 00:00:00,,70.0,330858-00,0.0,,,0.0,,
245,5.0,2005-11-21,2006-03-06 00:00:00,,34.0,406945-00,0.0,,,0.0,,
246,2.0,2004-10-28,2005-03-07 00:00:00,,26.0,3/7/05,0.0,,,0.0,,
247,2.0,2004-10-28,2005-04-18 00:00:00,,26.0,4/18/05,0.0,,,0.0,,
248,5.0,2006-12-09,2006-05-01 00:00:00,,27.0,4072650,0.0,,,0.0,,
249,2.0,2005-01-10,2005-03-21 00:00:00,,0.0,,0.0,,,0.0,,
250,2.0,2005-02-03,,,0.0,,0.0,,,0.0,,
251,2.0,2004-09-24,2005-02-28 00:00:00,,25.0,44357,0.0,,,0.0,,
252,2.0,2004-09-24,2005-03-21 00:00:00,,25.0,44360,0.0,,,0.0,,
253,2.0,2004-11-18,2005-03-10 00:00:00,,29.0,,0.0,,,0.0,,
254,2.0,2005-01-15,2005-04-01 00:00:00,,31.0,,0.0,,,0.0,,
256,2.0,2005-01-25,,,66.0,,0.0,,,0.0,,
257,2.0,2005-01-26,2005-03-15 00:00:00,,,,0.0,,,0.0,,
258,2.0,2004-09-20,2005-03-28 00:00:00,,28.0,330215-00,0.0,,,0.0,,
259,2.0,2004-09-20,2005-03-21 00:00:00,,28.0,330218-00,0.0,,,0.0,,
260,2.0,2005-01-20,2005-04-01 00:00:00,,30.0,,0.0,,,0.0,,
261,2.0,2005-01-10,2005-03-21 00:00:00,,83.0,354151-00,0.0,,,0.0,,
262,2.0,2005-01-10,2005-03-21 00:00:00,,26.0,03/21/05,0.0,,,0.0,,
264,2.0,2004-11-23,2005-05-16 00:00:00,,85.0,345356-00,0.0,,,0.0,,
265,2.0,2005-11-22,2005-03-21 00:00:00,,28.0,345235-00,0.0,,,0.0,,
266,6.0,2006-11-20,2007-03-05 00:00:00,,36.0,468930,0.0,,,0.0,,
268,2.0,2004-10-28,2005-03-15 00:00:00,,86.0,,0.0,,,0.0,,
269,2.0,2005-01-26,2005-04-18 00:00:00,,84.0,28470,0.0,,,0.0,,
270,2.0,2005-02-02,2005-03-15 00:00:00,,75.0,,0.0,,,0.0,,
271,2.0,2005-01-26,2005-04-01 00:00:00,,65.0,49886,0.0,,,0.0,,
273,2.0,2004-11-22,2004-12-01 00:00:00,,44.0,18847,0.0,,,0.0,,
276,2.0,2004-12-20,2005-01-06 00:00:00,,81.0,104955,0.0,,,0.0,,
277,2.0,2004-12-25,2005-06-14 00:00:00,,43.0,A200301,0.0,,,0.0,,
279,5.0,2005-12-22,,,18.0,,0.0,,,0.0,,
280,5.0,2005-12-22,,,72.0,,0.0,,,0.0,,
281,5.0,2005-12-22,,,53.0,,0.0,,,0.0,,
282,5.0,2005-12-22,,,13.0,,0.0,,,0.0,,
283,5.0,2005-12-22,,,20.0,,0.0,,,0.0,,
284,5.0,2005-12-22,,,4.0,,0.0,,,0.0,,
285,5.0,,,,50.0,,0.0,,,0.0,,
286,5.0,2005-12-20,2005-12-30 00:00:00,,1.0,,0.0,,,0.0,,
287,5.0,2006-01-05,,,14.0,,0.0,,,0.0,,
288,5.0,2005-12-20,2006-01-09 00:00:00,,88.0,,0.0,,,0.0,,
290,5.0,2006-01-18,,,55.0,,0.0,,,0.0,,
291,5.0,2006-01-18,,,73.0,,0.0,,,0.0,,
292,5.0,2006-01-18,,,11.0,,0.0,,,0.0,,
293,5.0,2006-01-18,,,47.0,,0.0,,,0.0,,
294,5.0,2006-01-13,,,15.0,,0.0,,,0.0,,
295,5.0,2006-01-13,,,74.0,,0.0,,,0.0,,
296,5.0,2007-01-09,,,2.0,,0.0,,,0.0,,
297,5.0,2005-12-27,,,3.0,392312,0.0,,,0.0,,
298,5.0,2005-11-29,2006-03-06 00:00:00,,25.0,1711583,0.0,,,0.0,,
299,5.0,2006-01-26,2006-04-10 00:00:00,,59.0,222463,0.0,,,0.0,,
300,5.0,2006-01-26,2006-03-13 00:00:00,,59.0,224255,0.0,,,0.0,,
302,5.0,2006-01-26,2006-04-03 00:00:00,,59.0,222937,0.0,,,0.0,,
303,5.0,2006-01-26,2006-03-13 00:00:00,,59.0,222461,0.0,,,0.0,,
304,5.0,2005-11-29,2006-03-20 00:00:00,,89.0,,0.0,,,0.0,,
305,5.0,2005-11-29,2006-03-20 00:00:00,,90.0,,0.0,,,0.0,,
306,5.0,2005-11-29,2006-03-27 00:00:00,,25.0,1711582,0.0,,,0.0,,
307,5.0,2006-01-27,2006-04-03 00:00:00,,9.0,83096,0.0,,,0.0,,
308,5.0,2006-01-27,2006-03-13 00:00:00,,9.0,77461,0.0,,,0.0,,
309,5.0,2005-12-12,2006-03-15 00:00:00,,29.0,,0.0,,,0.0,,
310,5.0,2005-12-05,2006-04-17 00:00:00,,26.0,40495+44495,0.0,,,0.0,,
311,5.0,2006-01-27,2006-03-13 00:00:00,,26.0,3/13/2006 - 3/17/2006-44995,1.0,,,0.0,,
312,5.0,2005-12-01,2006-04-24 00:00:00,,26.0,,0.0,,,70.29,,
313,5.0,2005-11-21,2006-04-03 00:00:00,,28.0,406936-00,0.0,,,0.0,,
314,5.0,2005-11-21,2006-03-06 00:00:00,,33.0,406938-00,0.0,,,0.0,,
315,5.0,2005-11-21,2006-03-06 00:00:00,,70.0,406942-00,0.0,,,0.0,,
316,5.0,2005-11-21,2006-03-06 00:00:00,,28.0,406946-00,0.0,,,0.0,,
317,5.0,2005-11-21,2006-03-06 00:00:00,,36.0,406940-00,0.0,,,0.0,,
318,5.0,2006-01-27,2006-03-06 00:00:00,,32.0,406941,5.0,,,0.0,,
320,5.0,2005-11-21,2006-04-10 00:00:00,,36.0,406937,0.0,,,0.0,,
321,5.0,2005-11-21,2006-03-27 00:00:00,,28.0,406949,0.0,,,0.0,,
322,5.0,2006-02-06,,,91.0,T5119-00,0.0,,,0.0,,
323,5.0,2006-02-06,,,43.0,A235613,0.0,,,0.0,,
324,5.0,2006-02-06,,,92.0,,0.0,,,0.0,,
325,5.0,2006-02-06,2006-04-03 00:00:00,,77.0,406948,0.0,,,0.0,,
326,5.0,2006-02-06,2006-03-06 00:00:00,,77.0,406947,0.0,,,0.0,,
327,5.0,,2006-03-06 00:00:00,,36.0,418627,0.0,,,0.0,,
328,5.0,,2006-04-10 00:00:00,,36.0,418628,0.0,,,0.0,,
329,5.0,2006-02-13,2006-03-15 00:00:00,,84.0,51851,0.0,,,0.0,,
330,5.0,2006-02-09,2006-04-15 00:00:00,,31.0,,0.0,,,0.0,,
331,5.0,2006-02-08,2006-04-03 00:00:00,,93.0,422905,0.0,,,0.0,,
332,5.0,2006-02-02,2006-04-15 00:00:00,,30.0,,0.0,,,0.0,,
333,5.0,2006-02-17,2006-04-01 00:00:00,,86.0,,0.0,,,0.0,,
334,5.0,2006-02-10,2006-03-20 00:00:00,,94.0,,0.0,,,0.0,,
335,5.0,2006-02-11,2006-03-20 00:00:00,,35.0,,0.0,,,0.0,,
336,5.0,2006-02-10,2006-02-16 00:00:00,,95.0,,0.0,,,0.0,,
337,5.0,2006-02-24,2006-04-03 00:00:00,,65.0,,0.0,,,0.0,,
338,5.0,2006-02-27,2006-04-15 00:00:00,,59.0,264585,0.0,,Water Plant Order,0.0,,
339,5.0,2005-11-22,2006-05-15 00:00:00,,85.0,,0.0,,,0.0,,
340,5.0,2005-11-14,2005-11-14 00:00:00,,96.0,,0.0,,,0.0,,
341,6.0,2006-12-15,2007-03-12 00:00:00,,9.0,106099,0.0,,Clematis Helios ordered but cancelled due to crop failure; geranium Orkney Cherry sold out; hosta Gingko Craig sold out,0.0,,
342,6.0,2006-12-26,,,14.0,,0.0,,,0.0,,
343,4.0,2002-11-20,,,3.0,468936-00,1.0,,,0.0,,
344,6.0,2006-12-12,2007-04-09 00:00:00,,26.0,2,0.0,,,0.0,,
345,6.0,2006-11-06,2007-03-13 00:00:00,,26.0,1,0.0,,,0.0,,
346,6.0,2006-11-06,2007-04-16 00:00:00,,26.0,3,5.0,,,0.0,,
347,6.0,2006-12-22,2007-03-26 00:00:00,,77.0,474094,0.0,,,0.0,,
348,6.0,2006-11-20,2007-04-02 00:00:00,,28.0,468922,5.0,,,0.0,,
349,6.0,2006-11-20,2007-04-09 00:00:00,,36.0,468907,1.0,,,0.0,,
350,6.0,2006-11-20,2007-04-09 00:00:00,,28.0,468911,1.0,,,0.0,,
351,6.0,2006-11-29,2007-03-05 00:00:00,,36.0,468928,6.0,,,0.0,,
353,6.0,2006-11-20,2007-03-12 00:00:00,,34.0,468933,1.0,,,0.0,,
354,6.0,2006-11-20,2007-03-05 00:00:00,,28.0,468926,5.0,,,0.0,,
355,6.0,2006-11-20,2007-03-12 00:00:00,,97.0,468913,1.0,,,0.0,,
356,6.0,2006-12-04,2007-03-05 00:00:00,,32.0,468942,5.0,,,0.0,,
358,6.0,2006-11-20,2007-03-05 00:00:00,,98.0,468934,1.0,,,0.0,,
359,6.0,2007-01-07,2007-01-01 00:00:00,,53.0,,3.0,,,0.0,,
360,6.0,2007-01-10,,,2.0,,0.0,,Price really in pounds,0.0,,
361,6.0,2007-01-08,,,15.0,,0.0,,,0.0,,
362,6.0,2006-12-20,2007-01-07 00:00:00,,1.0,,0.0,,,0.0,,
363,4.0,,,,3.0,,0.0,,,0.0,,
364,6.0,2006-12-29,,,3.0,476271,0.0,,SEED ORDER,0.0,,
365,6.0,2006-01-11,,,88.0,2094216,0.0,,,0.0,,
366,6.0,2006-12-19,,,12.0,,0.0,,,0.0,,
367,6.0,2006-12-26,,,74.0,,0.0,,,0.0,,
368,6.0,2006-12-26,,,72.0,,0.0,,,0.0,,
369,5.0,2007-01-15,,,4.0,,0.0,,,0.0,,
370,6.0,2006-12-26,,,4.0,,0.0,,,0.0,,
371,6.0,2006-12-26,,,20.0,,0.0,,,0.0,,
373,6.0,2006-12-27,,,18.0,,0.0,,,0.0,,
374,4.0,2006-12-26,,,3.0,,0.0,,,0.0,,
375,6.0,2006-12-20,,,99.0,,0.0,,,0.0,,
376,6.0,2006-11-20,2007-03-05 00:00:00,,98.0,468935,0.0,,,0.0,,
377,6.0,2006-11-20,2007-03-26 00:00:00,,28.0,468914,0.0,,,0.0,,
378,6.0,2006-12-11,2007-03-26 00:00:00,,25.0,2065502,0.0,,,0.0,,
379,6.0,2006-12-11,2007-03-05 00:00:00,,25.0,206559,5.0,,,0.0,,
380,6.0,2006-12-05,2007-04-09 00:00:00,,25.0,2065597,1.0,,,0.0,,
381,6.0,2006-12-11,2007-03-26 00:00:00,,90.0,2065429,0.0,,,0.0,,
382,6.0,2006-11-20,2007-04-30 00:00:00,,27.0,468936,1.0,,,0.0,,
383,5.0,2007-01-25,,,59.0,,0.0,,,0.0,,
384,6.0,2006-11-27,2007-03-12 00:00:00,,59.0,434253,0.0,,,841.74,,
386,6.0,2007-01-25,,,31.0,,0.0,,,0.0,,
387,6.0,2006-08-15,2007-04-02 00:00:00,,59.0,363916,0.0,,,0.0,,
388,6.0,2006-08-15,2007-03-12 00:00:00,,59.0,363915,0.0,,,0.0,,
389,6.0,2007-01-23,2007-04-16 00:00:00,,59.0,470535,0.0,,Water Plant Order,0.0,,
390,6.0,2006-11-27,2007-03-26 00:00:00,,6.0,315070,0.0,,,0.0,,
391,6.0,2006-11-28,2007-03-26 00:00:00,,6.0,315170,1.0,,,0.0,,
392,6.0,2006-11-16,2007-04-09 00:00:00,,9.0,106102,,,,0.0,,
393,6.0,2006-12-08,2007-04-16 00:00:00,,100.0,,0.0,,,0.0,,
394,6.0,2007-01-09,2007-03-15 00:00:00,,86.0,,0.0,,,0.0,,
395,6.0,2006-10-25,2007-03-19 00:00:00,,6.0,313683,5.0,,,0.0,,
396,6.0,2007-01-22,2007-03-19 00:00:00,,88.0,2123638,0.0,,coming with greenleaf order # 313683,0.0,,
397,6.0,2007-02-12,2007-04-30 00:00:00,,66.0,,2.0,,,0.0,,
398,6.0,2007-01-25,2007-03-26 00:00:00,,35.0,,1.0,,,0.0,,
400,6.0,2007-01-25,2007-03-19 00:00:00,,94.0,,1.0,,,0.0,,
401,6.0,2006-12-07,2007-03-15 00:00:00,,29.0,,0.0,,,0.0,,
402,6.0,2007-01-25,2007-03-12 00:00:00,,30.0,2131385,1.0,,,0.0,,
403,6.0,2007-02-22,2007-04-09 00:00:00,,93.0,,0.0,,Perhaps splitting some with Ann Loeffler.,0.0,,
404,6.0,2007-01-24,2007-04-29 00:00:00,,101.0,108989,,,,0.0,,
405,6.0,2007-01-25,2007-03-05 00:00:00,,102.0,71049,0.0,,,0.0,,
406,6.0,2007-03-13,2007-03-13 00:00:00,,50.0,1,5.0,,,0.0,,
407,6.0,2007-04-02,,,50.0,2,0.0,,"From pooh's notebook - starting 3/12 - 1 pg complete 4/2   - meg
3/15, 3/16, 3/20, 3/23 entries complete 4/11 - meg
3/26, 4/12, 4/18, 3/28, 3/29, 4/6 entries complete 4/19 - meg",0.0,,
408,7.0,2007-10-29,2008-03-17 00:00:00,,9.0,135207,0.0,,,0.0,,
409,7.0,2007-10-29,2008-04-07 00:00:00,,9.0,135206,0.0,,,0.0,,
410,6.0,2007-10-31,2008-04-07 00:00:00,,84.0,0000593060,0.0,,,0.0,,
412,7.0,2007-08-30,2008-04-07 00:00:00,,59.0,593060,0.0,,,0.0,,
413,7.0,2007-08-30,2008-03-10 00:00:00,,59.0,593025,0.0,,,0.0,,
414,6.0,2007-09-18,2008-04-20 00:00:00,,101.0,115998,0.0,,,0.0,,
415,6.0,2007-11-06,2008-05-14 00:00:00,,27.0,,0.0,,This is a rough order- nothing definite.,0.0,,
416,6.0,2007-11-06,,,26.0,,0.0,,,0.0,,
417,6.0,2007-11-06,2008-03-12 00:00:00,,26.0,,0.0,,,0.0,,
418,6.0,2007-11-06,2008-03-10 00:00:00,,103.0,,0.0,,,0.0,,
419,7.0,2007-12-04,2008-03-17 00:00:00,,6.0,336754,0.0,,,0.0,,
420,7.0,2007-12-06,,,14.0,,0.0,,,0.0,,
421,7.0,2007-12-06,,,72.0,,0.0,,,0.0,,
422,8.0,2008-12-06,,,3.0,,0.0,,,0.0,,
423,7.0,2007-12-10,,,88.0,,0.0,,,0.0,,
424,7.0,2007-12-10,,,4.0,,0.0,,,0.0,,
425,7.0,2007-12-11,,,18.0,,0.0,,,0.0,,
426,7.0,2007-12-11,,,2.0,,0.0,,,0.0,,
427,7.0,2007-12-11,,,74.0,,0.0,,,0.0,,
428,7.0,2007-12-11,,,20.0,,0.0,,,0.0,,
429,7.0,2007-12-11,,,12.0,,0.0,,,0.0,,
430,7.0,2007-12-11,,,53.0,,0.0,,,0.0,,
431,7.0,2007-12-11,,,15.0,,0.0,,,0.0,,
432,7.0,2007-12-11,,,13.0,,0.0,,,0.0,,
433,6.0,2007-12-21,,,59.0,,0.0,,,0.0,,
434,7.0,2007-12-21,2008-04-21 00:00:00,,59.0,706193,0.0,,,0.0,,
435,7.0,2008-01-03,,,102.0,,0.0,,,0.0,,
436,7.0,2008-01-03,,,104.0,,0.0,,,0.0,,
437,7.0,,,,100.0,,0.0,,,0.0,,
438,7.0,2008-01-04,,,105.0,,0.0,,,0.0,,
439,7.0,2007-10-30,2008-03-24 00:00:00,,77.0,524919,0.0,,,0.0,,
440,7.0,2007-10-30,2008-03-10 00:00:00,,69.0,524921,0.0,,,0.0,,
441,7.0,2007-10-30,2008-03-24 00:00:00,,28.0,524918,0.0,,,0.0,,
442,7.0,2007-11-21,2008-05-05 00:00:00,,27.0,530030,0.0,,,0.0,,
443,7.0,2007-10-30,2008-03-03 00:00:00,,36.0,524931,0.0,,Still needs new things to be entered….,0.0,,
444,7.0,2008-10-30,2008-03-03 00:00:00,,36.0,524928,0.0,,,0.0,,
445,7.0,2007-10-30,2008-03-03 00:00:00,,98.0,524947,0.0,,,0.0,,
446,7.0,2007-10-30,2008-03-03 00:00:00,,98.0,524925,0.0,,,0.0,,
447,7.0,2008-10-30,2008-03-03 00:00:00,,28.0,524923,5.0,,,0.0,,
448,7.0,2007-10-30,2008-03-03 00:00:00,,69.0,524914,0.0,,,0.0,,
449,7.0,2007-10-30,2008-03-10 00:00:00,,34.0,524922,0.0,,,0.0,,
450,7.0,2007-10-30,2008-04-07 00:00:00,,28.0,524916,0.0,,,0.0,,
451,7.0,2007-11-21,2008-04-07 00:00:00,,30.0,530033,0.0,,,0.0,,
452,7.0,2007-10-30,2008-03-24 00:00:00,,35.0,524920,0.0,,,0.0,,
453,7.0,2007-11-26,2008-03-03 00:00:00,,25.0,2375249,0.0,,,0.0,,
454,7.0,2007-11-26,2008-03-24 00:00:00,,25.0,2375508,0.0,,,0.0,,
455,7.0,2007-11-07,2008-03-24 00:00:00,,90.0,2375528,0.0,,,0.0,,
456,7.0,2008-01-11,2008-03-10 00:00:00,,25.0,2460780,0.0,,,0.0,,
457,7.0,2007-12-10,2008-03-10 00:00:00,,30.0,2375507,0.0,,,0.0,,
458,7.0,2007-11-20,2008-03-15 00:00:00,,29.0,,0.0,,,0.0,,
459,7.0,2007-11-21,2008-03-10 00:00:00,,26.0,1,0.0,,,0.0,,
460,7.0,2008-01-11,2008-03-10 00:00:00,,120.0,2460811,0.0,,,0.0,,
461,7.0,2007-12-10,2008-03-10 00:00:00,,181.0,2418401,0.0,,,0.0,,
462,7.0,2007-11-21,2008-06-09 00:00:00,,25.0,49782,0.0,,,0.0,,
463,7.0,2007-12-04,2008-04-21 00:00:00,,181.0,2418402,0.0,,,0.0,,
464,7.0,2007-12-06,2008-03-24 00:00:00,,6.0,336757,0.0,,,0.0,,
465,7.0,2007-09-19,2008-04-20 00:00:00,,101.0,115998,0.0,,,0.0,,
466,7.0,2007-12-07,2008-03-24 00:00:00,,93.0,,0.0,,,0.0,,
467,8.0,2008-12-05,2009-03-16 00:00:00,,59.0,1026736,0.0,,,0.0,,
468,8.0,2008-12-06,2009-04-01 00:00:00,,86.0,,0.0,,Set up ship date.,0.0,,
469,7.0,2008-10-21,,,98.0,,0.0,,,0.0,,
470,8.0,2008-10-21,2009-03-02 00:00:00,,98.0,,0.0,,Add 1 more tray so we have  an even 6 trays to ship ASAP! 11/26,0.0,,
471,8.0,2008-10-21,2009-03-02 00:00:00,,36.0,579207-00,0.0,,,0.0,,
472,7.0,2008-10-21,,,36.0,,0.0,,,0.0,,
473,8.0,2008-10-21,2009-03-02 00:00:00,,36.0,579208-00,0.0,,,0.0,,
474,8.0,2008-10-21,2009-03-03 00:00:00,,28.0,579203-00,0.0,,"Try putting 2 tapien blue-vilolet plugs in 8"" hanger…",0.0,,
476,8.0,2008-10-21,2009-03-02 00:00:00,,183.0,579204-00,0.0,,,0.0,,
477,8.0,2008-10-21,2009-03-02 00:00:00,,25.0,2721197,0.0,,move order later? Check with steve stanley.,0.0,,
478,8.0,2008-10-21,2009-03-09 00:00:00,,34.0,579202-00,0.0,,,0.0,,
479,8.0,2008-10-21,2009-03-09 00:00:00,,30.0,2721194,0.0,,,0.0,,
480,8.0,2008-09-28,2009-03-16 00:00:00,,26.0,,0.0,,,0.0,,
481,8.0,2008-10-21,2009-03-16 00:00:00,,29.0,,0.0,,,0.0,,
482,7.0,2008-10-21,,,77.0,,0.0,,,0.0,,
483,9.0,2009-11-05,2010-03-23 00:00:00,,77.0,634407,0.0,,,0.0,,
484,8.0,2008-10-21,2009-03-23 00:00:00,,28.0,579209-00,0.0,,,0.0,,
485,8.0,2008-10-21,2009-03-23 00:00:00,,35.0,579175-00,0.0,,,0.0,,
486,8.0,2008-10-22,2009-03-23 00:00:00,,25.0,2721199,0.0,,,0.0,,
487,8.0,2008-10-22,2009-03-24 00:00:00,,90.0,2721192,0.0,,,0.0,,
488,8.0,2008-11-26,2009-03-02 00:00:00,,183.0,579206-00,0.0,,,0.0,,
489,8.0,2008-11-26,2009-04-06 00:00:00,,30.0,579169,0.0,,,0.0,,
490,8.0,2008-11-26,2009-04-06 00:00:00,,28.0,579172-00,0.0,,,0.0,,
491,8.0,2008-12-01,2009-03-09 00:00:00,,181.0,2721196,0.0,,,0.0,,
492,8.0,2008-12-01,2009-04-20 00:00:00,,181.0,2721198,0.0,,,0.0,,
493,8.0,2008-12-01,2009-04-06 00:00:00,,181.0,2721195,0.0,,,0.0,,
494,8.0,2008-12-02,2009-04-06 00:00:00,,181.0,2721193,0.0,,,0.0,,
495,8.0,2008-12-11,,,2.0,,0.0,,,0.0,,
496,8.0,2008-12-11,,,74.0,,0.0,,,0.0,,
497,8.0,2008-12-11,,,20.0,,0.0,,,0.0,,
498,8.0,2008-12-11,,,18.0,,0.0,,,0.0,,
499,8.0,2008-12-11,,,12.0,,0.0,,,0.0,,
500,8.0,2008-12-11,,,72.0,,0.0,,,0.0,,
501,8.0,2008-12-11,,,15.0,,0.0,,,0.0,,
503,8.0,2008-12-11,,,53.0,,0.0,,,0.0,,
504,8.0,2008-12-11,,,88.0,,0.0,,,0.0,,
505,8.0,2008-12-11,,,14.0,,0.0,,,0.0,,
510,8.0,2008-12-05,2009-03-23 00:00:00,,5.0,349922,0.0,,This order is through Greenleaf/Yoder.,0.0,,
511,8.0,2008-12-05,2009-04-13 00:00:00,,5.0,349923,0.0,,Brokered through Greenleaf/Yoder,0.0,,
512,8.0,2008-12-05,2009-03-16 00:00:00,,184.0,349907,0.0,,Brokered through Yoder/Greenleaf.,0.0,,
513,8.0,2008-12-05,2009-04-20 00:00:00,,27.0,349932,0.0,,,0.0,,
515,8.0,2008-12-16,2009-03-16 00:00:00,,27.0,349926,0.0,,,0.0,,
516,8.0,2008-12-16,2009-03-18 00:00:00,,93.0,24135,0.0,,,0.0,,
518,8.0,2009-01-07,,,105.0,,0.0,,,0.0,,
519,8.0,2008-12-08,2009-05-11 00:00:00,,93.0,29078,0.0,,,0.0,,
521,8.0,2009-01-07,2009-03-16 00:00:00,,9.0,170394,0.0,,,0.0,,
522,8.0,2009-01-07,2009-04-06 00:00:00,,9.0,170395,0.0,,,0.0,,
524,8.0,2008-12-10,2009-04-13 00:00:00,,59.0,1033233,0.0,,possibly up order to lessen freight charge???,0.0,,
525,8.0,2008-10-20,2009-03-16 00:00:00,,59.0,969879,0.0,,need to add stuff from order into computer 1/6/09,0.0,,
526,8.0,2009-10-20,2009-04-06 00:00:00,,59.0,969876,0.0,,,0.0,,
527,8.0,2009-01-23,2009-05-04 00:00:00,,27.0,592906 mum,0.0,,,0.0,,
528,8.0,2008-12-01,,,55.0,,0.0,,,0.0,,
529,8.0,2009-02-13,2009-03-30 00:00:00,,9.0,174679,0.0,,,0.0,,
530,8.0,2008-12-20,,,80.0,66525,0.0,,,0.0,,
531,8.0,2008-12-18,,,73.0,294440 SO,0.0,,,0.0,,
533,8.0,2008-12-27,,,56.0,,0.0,,,0.0,,
535,8.0,2008-12-18,,,185.0,,0.0,,,0.0,,
536,8.0,2008-12-15,,,11.0,,0.0,,,0.0,,
537,8.0,2008-12-15,,,10.0,,0.0,,,0.0,,
538,8.0,2009-03-02,2009-03-09 00:00:00,,181.0,2813837,0.0,,,0.0,,
540,8.0,2009-03-02,2009-06-15 00:00:00,,25.0,2793328,0.0,,,0.0,,
541,8.0,2009-02-12,,,186.0,,0.0,,,0.0,,
542,8.0,2008-12-18,,,54.0,,0.0,,,0.0,,
543,8.0,2008-12-18,,,46.0,,0.0,,,0.0,,
544,8.0,2008-12-20,,,57.0,,0.0,,,0.0,,
545,8.0,2009-03-17,,,100.0,,0.0,,,0.0,,
546,9.0,2009-11-20,2010-03-15 00:00:00,,86.0,,0.0,,,0.0,,
549,9.0,2009-11-20,2010-03-26 00:00:00,,93.0,,0.0,,,0.0,,
550,10.0,2010-12-06,2011-04-04 00:00:00,,9.0,214882-2,0.0,,,,,
551,9.0,2009-10-02,2010-03-22 00:00:00,,9.0,200115,0.0,,,0.0,,
552,9.0,2009-11-24,2010-04-12 00:00:00,,9.0,200142,0.0,,,0.0,,
554,9.0,2009-11-24,2010-03-22 00:00:00,,187.0,PO-15061,0.0,,,0.0,,
555,10.0,2010-10-24,2011-03-21 00:00:00,,187.0,SI-69414,0.0,,,,,
556,9.0,2009-11-24,2010-04-05 00:00:00,,187.0,SI-61822,0.0,,,0.0,,
557,9.0,2009-12-01,2010-03-29 00:00:00,,5.0,3073108,0.0,,,0.0,,
558,9.0,2009-12-01,2010-04-05 00:00:00,,6.0,3073109,0.0,,,0.0,,
559,9.0,2009-12-01,2010-03-22 00:00:00,,6.0,3073110,0.0,,,0.0,,
560,9.0,2009-11-20,2010-04-01 00:00:00,,86.0,V01010871,0.0,,,0.0,,
561,9.0,2009-11-05,2010-03-22 00:00:00,,35.0,634408,0.0,,,0.0,,
562,9.0,2009-11-05,2010-04-05 00:00:00,,28.0,634410,0.0,,,0.0,,
564,9.0,2009-11-05,2010-03-22 00:00:00,,28.0,634115,0.0,,,0.0,,
565,9.0,2010-11-05,2010-03-08 00:00:00,,34.0,634404,0.0,,,0.0,,
566,9.0,2009-11-05,2010-03-01 00:00:00,,36.0,634400,0.0,,,0.0,,
567,9.0,2009-11-05,2010-03-01 00:00:00,,98.0,634397,0.0,,,0.0,,
568,9.0,2009-11-05,2010-03-01 00:00:00,,36.0,634399,0.0,,,0.0,,
569,9.0,2009-12-03,2010-05-08 00:00:00,,50.0,1,0.0,,,0.0,,
570,9.0,2009-11-05,2010-03-01 00:00:00,,28.0,634402,0.0,,,0.0,,
571,9.0,2009-11-05,2010-04-05 00:00:00,,30.0,634413,0.0,,,0.0,,
573,9.0,2009-07-30,2010-03-01 00:00:00,,189.0,616748,0.0,,,0.0,,
574,9.0,2009-10-29,2010-03-15 00:00:00,,26.0,,0.0,,,0.0,,
575,9.0,2009-11-16,2010-04-05 00:00:00,,181.0,3057587,0.0,,,0.0,,
576,9.0,2009-11-16,2010-03-22 00:00:00,,90.0,3057580,0.0,,,0.0,,
578,9.0,2009-11-06,2010-04-04 00:00:00,,181.0,3057581,0.0,,,0.0,,
579,9.0,2009-11-06,2010-03-08 00:00:00,,30.0,3057583,0.0,,,0.0,,
580,9.0,2009-11-16,2010-04-19 00:00:00,,181.0,3057585,0.0,,,0.0,,
581,9.0,2009-11-06,2010-03-08 00:00:00,,181.0,3057586,0.0,,,0.0,,
582,9.0,2009-11-16,2010-03-08 00:00:00,,181.0,3057582,0.0,,,0.0,,
583,9.0,2009-11-16,2010-03-01 00:00:00,,25.0,3057584,0.0,,,0.0,,
584,9.0,2009-11-16,2010-03-22 00:00:00,,25.0,3057588,0.0,,,0.0,,
585,9.0,2009-12-14,2010-05-05 00:00:00,,100.0,,0.0,,,0.0,,
586,9.0,2009-12-19,2010-01-01 00:00:00,,14.0,,0.0,,,0.0,,
587,9.0,2009-12-19,,,88.0,,0.0,,,,,
588,9.0,2009-12-22,,,3.0,,0.0,,,,,
589,9.0,2009-12-22,,,2.0,,0.0,,,0.0,,
590,9.0,2009-12-22,,,20.0,,0.0,,,0.0,,
591,9.0,2009-12-22,,,72.0,,0.0,,,0.0,,
592,9.0,2009-12-22,,,74.0,,0.0,,,0.0,,
593,9.0,2009-12-22,,,15.0,,0.0,,,,,
594,9.0,2009-12-22,,,18.0,,0.0,,,,,
595,9.0,2009-12-22,,,12.0,,0.0,,,0.0,,
596,9.0,2009-12-22,,,53.0,,0.0,,,0.0,,
597,9.0,2009-12-22,,,13.0,,0.0,,,0.0,,
598,9.0,2009-12-22,2010-05-05 00:00:00,,105.0,,0.0,,,0.0,,
599,9.0,2010-01-07,,,102.0,,0.0,,,0.0,,
600,9.0,2010-01-11,2010-03-01 00:00:00,,190.0,644760,0.0,,,0.0,,
601,9.0,2010-12-21,2010-03-16 00:00:00,,29.0,,0.0,,,0.0,,
602,9.0,2010-01-19,2010-04-12 00:00:00,,59.0,,0.0,,water plant order,0.0,,
603,9.0,2010-01-19,2010-04-15 00:00:00,,191.0,,0.0,,,0.0,,
604,10.0,2010-11-28,,,191.0,,0.0,,,,,
605,9.0,2009-12-28,,,80.0,,0.0,,,0.0,,
606,9.0,2009-12-28,,,46.0,851515*1,0.0,,,0.0,,
608,9.0,2009-12-28,,,192.0,,0.0,,,0.0,,
609,9.0,2010-01-21,,,19.0,,0.0,,,0.0,,
610,9.0,2009-12-28,,,73.0,,0.0,,,0.0,,
611,9.0,2009-12-28,,,55.0,,0.0,,,0.0,,
612,9.0,2010-01-10,2010-05-03 00:00:00,,189.0,644764,0.0,,,0.0,,
613,9.0,2009-12-28,,,4.0,,0.0,,,0.0,,
615,9.0,2009-12-28,,,10.0,,0.0,,,0.0,,
616,9.0,2009-12-28,,,11.0,,0.0,,,0.0,,
617,9.0,2010-02-17,,,185.0,,0.0,,,0.0,,
618,9.0,2010-11-04,,,190.0,,0.0,,,0.0,,
619,10.0,2010-10-29,2011-02-28 00:00:00,,190.0,682413,0.0,,,,,
620,10.0,2010-11-04,2011-02-28 00:00:00,,28.0,682416,0.0,,,0.0,,
621,11.0,2010-11-04,2012-03-05 00:00:00,,34.0,732639-00,0.0,,,0.0,,
622,10.0,2010-11-04,2011-03-21 00:00:00,,35.0,682403,0.0,,,,,
623,10.0,2010-11-04,2011-02-28 00:00:00,,98.0,682353,0.0,,,0.0,,
624,10.0,2010-11-04,2011-02-28 00:00:00,,36.0,682347,0.0,,,0.0,,
625,10.0,2010-11-04,2011-04-04 00:00:00,,30.0,682364,0.0,,,,,
626,10.0,2010-11-04,2011-04-04 00:00:00,,28.0,682355,0.0,,,0.0,,
627,10.0,2010-11-04,2011-02-28 00:00:00,,36.0,682352,0.0,,,0.0,,
628,10.0,2010-11-04,2011-03-21 00:00:00,,28.0,682368,0.0,,,0.0,,
629,10.0,2010-11-08,2011-03-21 00:00:00,,9.0,214882-1,0.0,,,,,
630,10.0,2010-11-08,2011-03-21 00:00:00,,187.0,SI-69890,0.0,,Also found from Donahue as Order # PO15484,,,
631,10.0,2010-11-08,,,0.0,,0.0,,,0.0,,
632,10.0,2010-11-23,2011-03-21 00:00:00,,86.0,VO116015,0.0,,,,,
633,10.0,2010-11-29,2011-04-01 00:00:00,,86.0,VO115926,0.0,,,,,
634,10.0,2010-11-24,2011-04-01 00:00:00,,86.0,VO116017,0.0,,,,,
635,10.0,2010-12-06,2011-03-21 00:00:00,,6.0,3418585,0.0,,,,,
637,10.0,2010-11-24,2011-05-05 00:00:00,,100.0,,0.0,,,,,
638,10.0,2010-09-28,2011-04-04 00:00:00,,187.0,SI-69415,0.0,,,,,
639,10.0,2010-11-29,,,88.0,,0.0,,,0.0,,
640,10.0,2010-11-29,,,14.0,,0.0,,,,,
641,10.0,2010-11-29,,,2.0,,0.0,,,,,
642,10.0,2010-11-29,,,20.0,,0.0,,,0.0,,
643,10.0,2010-11-29,,,72.0,,0.0,,,,,
644,10.0,2010-11-29,,,74.0,,0.0,,,0.0,,
645,10.0,2010-11-29,,,12.0,,0.0,,,0.0,,
646,10.0,2010-11-29,,,18.0,,0.0,,,0.0,,
647,10.0,2010-11-30,,,3.0,,0.0,,,,,
648,10.0,2010-11-30,,,53.0,,0.0,,,0.0,,
649,10.0,2010-11-30,,,13.0,,0.0,,,0.0,,
650,10.0,2010-11-30,,,15.0,,0.0,,,,,
651,10.0,2010-12-01,2011-04-11 00:00:00,,187.0,SI-69416,0.0,,,,,
652,10.0,2010-12-02,,,93.0,,0.0,,,,,
653,10.0,2010-07-28,2011-03-07 00:00:00,,189.0,666995,0.0,,,,,
654,10.0,2010-12-06,2011-04-05 00:00:00,,6.0,3418584,0.0,,,,,
655,10.0,2010-12-06,2011-04-11 00:00:00,,9.0,214882-3,0.0,,,0.0,,
656,10.0,2010-10-25,2011-03-14 00:00:00,,26.0,,0.0,,,0.0,,
657,10.0,2010-12-06,2011-03-15 00:00:00,,29.0,,0.0,,,,,
658,10.0,2010-12-06,2011-04-18 00:00:00,,181.0,3382751,0.0,,,0.0,,
659,10.0,2010-12-06,2011-03-07 00:00:00,,181.0,3380823,0.0,,,0.0,,
660,10.0,2010-12-07,2011-03-28 00:00:00,,5.0,3380816,0.0,,,0.0,,
661,10.0,2010-12-07,2011-04-12 00:00:00,,59.0,,0.0,,,,,
662,10.0,2010-12-07,2011-05-02 00:00:00,,189.0,689912,0.0,,,0.0,,
663,10.0,2010-12-07,2011-04-01 00:00:00,,102.0,,0.0,,,0.0,,
664,10.0,2010-12-07,2011-03-07 00:00:00,,181.0,3380814,0.0,,,,,
666,10.0,2010-12-08,2011-03-07 00:00:00,,30.0,3380815,0.0,,,0.0,,
667,10.0,2010-12-08,2011-02-28 00:00:00,,25.0,3380854,0.0,,,0.0,,
668,10.0,2010-12-08,2011-03-21 00:00:00,,25.0,3380855,0.0,,,0.0,,
669,10.0,2010-12-08,2011-04-05 00:00:00,,181.0,3382750,0.0,,,0.0,,
670,10.0,2010-12-09,,,105.0,,0.0,,,,,
671,10.0,2010-12-09,2011-04-04 00:00:00,,193.0,689908,0.0,,,0.0,,
672,10.0,2010-12-09,2011-03-21 00:00:00,,193.0,689910,0.0,,,0.0,,
673,10.0,2011-01-07,2011-04-04 00:00:00,,181.0,3418613,0.0,,,0.0,,
674,10.0,,2011-04-04 00:00:00,,181.0,3418614,0.0,,,0.0,,
675,10.0,2010-11-10,2011-03-15 00:00:00,,86.0,VO115899,0.0,,,,,
676,10.0,2011-01-19,2011-01-19 00:00:00,,80.0,,0.0,,,0.0,,
677,10.0,2011-01-24,2011-04-11 00:00:00,,5.0,3416356,0.0,,,0.0,,
678,10.0,2011-01-24,2011-05-30 00:00:00,,25.0,3466276,0.0,,,0.0,,
679,10.0,2011-03-01,2011-03-07 00:00:00,,194.0,700603,0.0,,,0.0,,
680,10.0,2011-01-11,,,80.0,,0.0,,,0.0,,
681,10.0,2010-12-18,,,1.0,,0.0,,,0.0,,
682,10.0,2010-12-22,,,55.0,,0.0,,,0.0,,
683,10.0,2011-03-04,2011-03-07 00:00:00,,195.0,701323,0.0,,,0.0,,
684,10.0,2011-03-04,,,196.0,,0.0,,,,,
685,10.0,2010-12-30,,,11.0,,0.0,,,0.0,,
686,10.0,2010-12-28,,,73.0,,0.0,,,0.0,,
687,10.0,2010-12-18,,,10.0,,0.0,,,0.0,,
688,10.0,2010-12-20,,,4.0,,0.0,,,0.0,,
690,10.0,2010-12-20,,,197.0,,0.0,,,0.0,,
691,7.0,,,,0.0,,0.0,,,0.0,,
692,11.0,2011-11-11,,,0.0,,0.0,,,0.0,,
693,11.0,2011-11-11,2012-03-05 00:00:00,,28.0,732516-00,0.0,,,0.0,,
694,11.0,2011-11-11,2012-03-05 00:00:00,,98.0,713869-00,0.0,,,0.0,,
695,11.0,2011-11-11,2012-03-05 00:00:00,,36.0,732637-00,0.0,,,0.0,,
696,10.0,2011-11-11,,,36.0,,0.0,,,0.0,,
697,11.0,2011-11-11,2012-03-05 00:00:00,,36.0,732517-00,0.0,,,0.0,,
698,11.0,2011-11-11,2012-03-05 00:00:00,,25.0,732512-00,0.0,,,0.0,,
699,11.0,2011-11-11,2012-03-05 00:00:00,,189.0,713870-00,0.0,,,0.0,,
700,11.0,2011-11-11,2012-03-12 00:00:00,,181.0,3715890,0.0,,,0.0,,
701,11.0,2011-11-11,,,181.0,,0.0,,,0.0,,
702,11.0,2011-11-11,2012-03-05 00:00:00,,30.0,3715854,0.0,,,0.0,,
703,11.0,2011-10-28,2012-03-12 00:00:00,,26.0,1,0.0,,,0.0,,
704,11.0,2011-11-11,2012-03-19 00:00:00,,35.0,732640-00,0.0,,,0.0,,
705,11.0,2011-11-14,2012-03-19 00:00:00,,28.0,732515-00,0.0,,,0.0,,
707,11.0,2011-11-14,2012-03-19 00:00:00,,25.0,732511-00,0.0,,,0.0,,
708,11.0,2011-11-15,2012-03-19 00:00:00,,193.0,732643-00,0.0,,,0.0,,
709,11.0,2011-11-15,2012-03-26 00:00:00,,5.0,3716793,0.0,,,0.0,,
710,11.0,2011-11-15,2012-04-01 00:00:00,,86.0,VO-125140,0.0,,,0.0,,
711,11.0,2011-11-15,2012-04-02 00:00:00,,30.0,732513-00,0.0,,,0.0,,
712,11.0,2011-11-15,2012-04-02 00:00:00,,28.0,732514-00,0.0,,,0.0,,
713,11.0,2011-11-15,2012-04-02 00:00:00,,193.0,732641-00,0.0,,,0.0,,
714,10.0,2011-11-15,,,181.0,,0.0,,,0.0,,
715,11.0,2011-11-15,2012-04-09 00:00:00,,181.0,3716890,0.0,,,0.0,,
716,11.0,2011-11-15,2012-04-09 00:00:00,,181.0,3716891,0.0,,,0.0,,
717,11.0,2011-11-15,2012-04-09 00:00:00,,181.0,3716932,0.0,,,0.0,,
718,10.0,2011-11-15,,,189.0,,0.0,,,0.0,,
719,11.0,2011-11-15,2012-05-01 00:00:00,,189.0,741024,0.0,,,0.0,,
722,11.0,2011-11-29,2012-03-26 00:00:00,,25.0,3715961,0.0,,,0.0,,
723,11.0,2011-11-22,2012-04-04 00:00:00,,187.0,SI-76773,0.0,,,0.0,,
725,11.0,2011-11-22,2012-03-21 00:00:00,,187.0,SI-76772,0.0,,,0.0,,
727,11.0,2011-12-03,2012-03-19 00:00:00,,25.0,3715962,0.0,,,0.0,,
728,11.0,2011-12-05,2012-03-19 00:00:00,,6.0,3716206,0.0,,,0.0,,
730,11.0,2011-12-13,,,14.0,,0.0,,,0.0,,
731,11.0,2011-12-13,,,196.0,,0.0,,,,,
732,11.0,2011-12-13,,,88.0,,0.0,,,0.0,,
733,11.0,2011-12-13,,,3.0,,0.0,,,0.0,,
734,11.0,2011-12-13,,,74.0,,0.0,,,0.0,,
735,11.0,2011-12-19,,,18.0,,0.0,,,0.0,,
736,11.0,2011-12-20,2012-03-19 00:00:00,,199.0,467634,0.0,,,0.0,,
737,11.0,2011-12-20,2012-04-16 00:00:00,,199.0,1,0.0,,,0.0,,
738,11.0,2011-12-20,2012-04-02 00:00:00,,199.0,467638,0.0,,,0.0,,
739,11.0,2011-12-20,2012-03-19 00:00:00,,9.0,228044 -A,0.0,,,0.0,,
740,11.0,2011-12-20,2012-04-02 00:00:00,,9.0,228044-B,0.0,,,0.0,,
741,11.0,2012-01-03,,,13.0,,0.0,,,0.0,,
742,11.0,2012-01-03,,,15.0,,0.0,,,0.0,,
743,11.0,2012-01-03,,,12.0,,0.0,,,0.0,,
744,11.0,2012-01-03,,,2.0,,0.0,,,0.0,,
745,11.0,2012-01-03,,,53.0,,0.0,,,0.0,,
746,11.0,2012-01-10,2012-03-19 00:00:00,,187.0,SI-76796,0.0,,,0.0,,
747,11.0,2012-01-10,2012-04-01 00:00:00,,86.0,VO-125031,0.0,,,,,
748,11.0,2012-01-10,2012-03-19 00:00:00,,199.0,467380,0.0,,,0.0,,
749,11.0,2012-01-10,2012-04-16 00:00:00,,9.0,228044-C,0.0,,,0.0,,
750,11.0,2012-01-11,2012-03-12 00:00:00,,181.0,3769135,0.0,,,0.0,,
751,11.0,2012-01-11,2012-03-12 00:00:00,,93.0,,0.0,,,0.0,,
752,11.0,2012-01-24,2012-03-05 00:00:00,,190.0,742748,0.0,,,0.0,,
753,11.0,2012-01-24,2012-05-01 00:00:00,,105.0,,0.0,,,0.0,,
754,11.0,2012-01-24,,,100.0,,0.0,,,,,
755,12.0,,2012-02-14 00:00:00,,200.0,,0.0,,,0.0,,
756,11.0,2012-01-27,,,80.0,311811,0.0,,,0.0,,
757,11.0,2012-02-01,,,80.0,315048,0.0,,,0.0,,
758,11.0,2011-12-27,,,192.0,,0.0,,,0.0,,
759,11.0,2012-01-10,,,19.0,,0.0,,,0.0,,
760,11.0,2011-12-27,,,18.0,,0.0,,,0.0,,
761,11.0,2011-12-27,,,11.0,,0.0,,,0.0,,
762,11.0,2011-12-27,,,185.0,,0.0,,,0.0,,
763,11.0,2011-12-29,,,73.0,,0.0,,,0.0,,
764,11.0,2011-12-27,,,10.0,,0.0,,,0.0,,
765,11.0,2011-12-28,,,54.0,,0.0,,,0.0,,
766,11.0,2011-12-28,,,201.0,,0.0,,,0.0,,
767,11.0,2012-02-08,,,202.0,,0.0,,,0.0,,
768,11.0,2012-02-14,,,203.0,,0.0,,,0.0,,
770,12.0,2012-10-30,2013-03-18 00:00:00,,9.0,241846-A,0.0,,,0.0,,
771,12.0,2012-10-30,2013-04-01 00:00:00,,9.0,241846-B,0.0,,,0.0,,
772,12.0,2012-10-30,2013-03-11 00:00:00,,26.0,,0.0,,,0.0,,
773,12.0,2012-10-31,2013-03-18 00:00:00,,187.0,SI-81702,0.0,,,0.0,,
774,12.0,2012-10-31,2013-03-21 00:00:00,,187.0,SI-81672,0.0,,,0.0,,
775,12.0,2012-10-31,2013-04-03 00:00:00,,187.0,Si-81674,0.0,,,0.0,,
776,12.0,2012-10-31,2012-03-18 00:00:00,,199.0,535813,0.0,,,0.0,,
777,12.0,2012-11-30,2013-04-01 00:00:00,,199.0,535814,0.0,,,0.0,,
778,12.0,2012-10-31,2013-03-18 00:00:00,,6.0,399114,0.0,,,0.0,,
779,12.0,2012-11-20,,,196.0,,0.0,,,0.0,,
780,12.0,2012-11-20,,,14.0,,0.0,,,0.0,,
782,12.0,2012-11-20,,,74.0,,0.0,,,0.0,,
783,12.0,2012-11-20,,,53.0,,0.0,,,0.0,,
784,12.0,2012-11-20,,,3.0,,0.0,,,0.0,,
785,12.0,2012-11-20,,,18.0,,0.0,,,0.0,,
786,12.0,2012-11-28,,,13.0,,0.0,,,0.0,,
787,12.0,2012-11-28,,,12.0,,0.0,,,0.0,,
788,12.0,2012-11-28,,,15.0,,0.0,,,0.0,,
789,12.0,2012-11-28,,,2.0,,0.0,,,0.0,,
790,12.0,2012-11-29,2013-03-04 00:00:00,,190.0,779191-00,0.0,,,0.0,,
791,12.0,2012-11-13,2013-03-04 00:00:00,,28.0,779190-00,0.0,,,0.0,,
792,12.0,2012-11-29,2013-03-04 00:00:00,,36.0,779187-00,0.0,,,0.0,,
793,12.0,2012-11-29,2013-03-04 00:00:00,,36.0,779188-00,0.0,,,0.0,,
794,12.0,2012-11-29,2013-03-04 00:00:00,,25.0,779192-00,0.0,,,0.0,,
795,12.0,2012-11-29,2013-03-04 00:00:00,,34.0,779186-00,0.0,,,0.0,,
796,12.0,2012-11-29,2013-03-18 00:00:00,,35.0,779193-00,0.0,,,0.0,,
797,12.0,2012-11-29,2013-04-01 00:00:00,,30.0,779194-00,0.0,,,0.0,,
798,12.0,2012-12-05,,,20.0,,0.0,,,0.0,,
799,12.0,2012-12-07,2013-04-01 00:00:00,,86.0,VO132543,0.0,,,0.0,,
800,12.0,2012-12-12,2013-03-04 00:00:00,,98.0,759734,0.0,,,0.0,,
802,12.0,2012-12-12,2013-04-01 00:00:00,,28.0,77917-00,0.0,,,0.0,,
803,12.0,2012-12-12,2013-03-18 00:00:00,,25.0,779201-00,0.0,,,0.0,,
804,12.0,2012-12-12,2013-03-18 00:00:00,,28.0,779204-00,0.0,,,0.0,,
805,12.0,2012-12-13,2013-03-04 00:00:00,,189.0,759733-00,0.0,,,0.0,,
806,12.0,2012-12-13,2013-03-11 00:00:00,,204.0,4071340,0.0,,,0.0,,
807,12.0,2012-12-13,2013-03-25 00:00:00,,5.0,4071448,0.0,,,0.0,,
808,12.0,,,,204.0,,0.0,,,,,
809,12.0,2013-02-12,2013-04-08 00:00:00,,204.0,4075160,0.0,,,0.0,,
810,12.0,2012-12-14,2013-04-01 00:00:00,,86.0,VO132564,0.0,,,0.0,,
811,12.0,2012-12-14,2013-03-18 00:00:00,,187.0,SI-81673,0.0,,,0.0,,
812,11.0,2012-12-18,,,181.0,,0.0,,,0.0,,
813,12.0,2012-12-18,2013-04-08 00:00:00,,204.0,4075160 (Impatiens),0.0,,,0.0,,
814,12.0,2012-12-18,2013-04-29 00:00:00,,189.0,785989,0.0,,,0.0,,
815,12.0,2012-12-19,,,100.0,,0.0,,,0.0,,
816,12.0,2013-01-07,2013-03-25 00:00:00,,194.0,785966,0.0,,,0.0,,
817,12.0,2013-01-07,2013-04-08 00:00:00,,181.0,4091864,0.0,,,0.0,,
818,12.0,2013-01-07,2013-02-02 00:00:00,,181.0,,0.0,,,0.0,,
819,12.0,2013-01-07,2013-03-18 00:00:00,,25.0,4106110,0.0,,,0.0,,
820,12.0,2013-01-23,,,105.0,0384,0.0,,,0.0,,
821,12.0,2013-01-28,2013-03-18 00:00:00,,205.0,787842,0.0,,,0.0,,
822,12.0,2013-01-28,2013-03-18 00:00:00,,206.0,787843,0.0,,,0.0,,
823,12.0,2012-12-28,,,19.0,,0.0,,,0.0,,
824,12.0,2013-12-28,,,10.0,,0.0,,,0.0,,
825,12.0,2012-12-28,,,80.0,100165187,0.0,,,0.0,,
827,12.0,2013-01-29,2013-04-20 00:00:00,,207.0,3-016-001,0.0,,,0.0,,
828,12.0,2013-02-01,2013-03-16 00:00:00,,102.0,186299,0.0,,,0.0,,
829,12.0,2013-02-01,2013-05-01 00:00:00,,102.0,186300,0.0,,,0.0,,
830,12.0,2012-12-28,,,18.0,For Field,0.0,,,0.0,,
831,12.0,2012-12-28,,,73.0,,0.0,,,0.0,,
832,12.0,2012-12-28,,,201.0,,0.0,,,0.0,,
833,12.0,2012-12-28,,,46.0,,0.0,,,0.0,,
834,12.0,2012-12-28,,,4.0,,0.0,,,0.0,,
835,12.0,2012-12-28,,,56.0,,0.0,,,0.0,,
836,12.0,2012-12-28,,,202.0,,0.0,,,0.0,,
837,1.0,2013-02-05,,,11.0,,0.0,,,0.0,,
838,11.0,2011-12-10,,,11.0,,0.0,,,0.0,,
839,12.0,2012-12-28,,,11.0,,0.0,,,0.0,,
841,12.0,2012-12-28,,,58.0,,0.0,,,0.0,,
842,12.0,2013-12-28,,,185.0,,0.0,,,0.0,,
843,12.0,2013-02-22,2013-03-25 00:00:00,,93.0,,0.0,,,0.0,,
844,12.0,2013-02-13,2013-05-20 00:00:00,,208.0,793706-00,0.0,,,0.0,,
845,12.0,2013-01-07,2013-03-11 00:00:00,,94.0,,0.0,,,0.0,,
846,12.0,2013-02-28,2013-04-08 00:00:00,,120.0,4155975,0.0,,,0.0,,
847,12.0,2012-12-20,2013-04-01 00:00:00,,199.0,537911,0.0,,,0.0,,
848,12.0,,,,,,0.0,,,0.0,,
849,12.0,2013-02-02,2013-02-20 00:00:00,,209.0,C-127413,0.0,,,0.0,,
850,13.0,2013-11-07,,,0.0,,0.0,,,0.0,,
851,13.0,2013-11-07,2014-03-17 00:00:00,,199.0,604169,0.0,,,0.0,,
852,13.0,2013-11-07,2014-03-31 00:00:00,,199.0,604170,0.0,,,0.0,,
853,13.0,2013-11-08,2014-03-17 00:00:00,,9.0,255391-1,0.0,,,0.0,,
854,13.0,2013-11-08,2014-03-31 00:00:00,,9.0,255391-2,0.0,,,0.0,,
856,13.0,2013-11-08,2014-04-01 00:00:00,,86.0,V0139293,0.0,,,0.0,,
857,13.0,2013-11-08,2014-04-01 00:00:00,,86.0,V0139296,0.0,,,0.0,,
858,13.0,2013-11-08,2014-03-17 00:00:00,,93.0,,0.0,,,0.0,,
859,13.0,2013-11-08,2014-03-17 00:00:00,,6.0,1,0.0,,,0.0,,
860,13.0,2013-11-13,2014-04-01 00:00:00,,187.0,SI-87421,0.0,,,0.0,,
861,13.0,2013-11-13,2014-03-24 00:00:00,,187.0,SI-87420,0.0,,,0.0,,
862,12.0,2013-11-13,,,187.0,,0.0,,,0.0,,
864,13.0,2013-11-13,2014-03-03 00:00:00,,190.0,829591,0.0,,,0.0,,
865,13.0,2013-11-13,2014-03-03 00:00:00,,28.0,829592,0.0,,,0.0,,
866,13.0,2013-11-13,2014-03-03 00:00:00,,36.0,829594,0.0,,,0.0,,
867,13.0,2013-11-13,2014-03-03 00:00:00,,25.0,829610,0.0,,,0.0,,
868,13.0,2013-11-13,2014-03-03 00:00:00,,34.0,829599,0.0,,,0.0,,
869,13.0,2013-11-13,2014-03-03 00:00:00,,98.0,809469,0.0,,,0.0,,
870,13.0,2013-11-13,2014-03-03 00:00:00,,189.0,809463,0.0,,,0.0,,
871,13.0,2013-11-13,2014-03-11 00:00:00,,26.0,1,0.0,,,0.0,,
872,13.0,2013-11-13,2014-03-10 00:00:00,,204.0,4418294,0.0,,,0.0,,
873,13.0,2013-11-13,2014-03-10 00:00:00,,94.0,829614,0.0,,,0.0,,
874,13.0,2013-11-13,2014-05-01 00:00:00,,102.0,,0.0,,,0.0,,
875,13.0,2013-11-14,2014-03-18 00:00:00,,35.0,829616,0.0,,,0.0,,
876,13.0,2013-11-14,2014-03-17 00:00:00,,25.0,829643,0.0,,,0.0,,
877,13.0,2013-11-14,2014-03-18 00:00:00,,28.0,829658,0.0,,,0.0,,
878,13.0,2013-11-14,2014-03-17 00:00:00,,25.0,4417696,0.0,,,0.0,,
879,13.0,2013-11-14,2014-03-18 00:00:00,,205.0,829621,0.0,,,0.0,,
880,13.0,2013-11-14,2014-03-17 00:00:00,,206.0,,0.0,,,0.0,,
881,13.0,2013-11-14,2014-03-25 00:00:00,,5.0,4417720,0.0,,,0.0,,
882,13.0,2013-11-19,2014-03-24 00:00:00,,194.0,829672,0.0,,,0.0,,
883,13.0,2013-11-19,2014-03-31 00:00:00,,25.0,809467,0.0,,,0.0,,
884,13.0,2013-11-19,2014-03-31 00:00:00,,86.0,,0.0,,,0.0,,
885,13.0,2013-11-19,2014-03-31 00:00:00,,28.0,829673,0.0,,,0.0,,
886,13.0,2013-11-19,2014-03-31 00:00:00,,25.0,829678,0.0,,,0.0,,
887,13.0,2013-11-19,2014-04-07 00:00:00,,204.0,4418312,0.0,,,0.0,,
889,13.0,2013-11-19,2014-04-08 00:00:00,,181.0,4417727,0.0,,,0.0,,
891,13.0,2013-11-19,2014-04-29 00:00:00,,189.0,829730,0.0,,,0.0,,
892,13.0,2013-11-26,,,14.0,,0.0,,,0.0,,
893,13.0,2013-11-26,,,196.0,,0.0,,,0.0,,
894,13.0,2013-12-07,2014-03-03 00:00:00,,36.0,829596,0.0,,,0.0,,
895,13.0,2013-12-09,2014-03-24 00:00:00,,25.0,4417695,0.0,,,0.0,,
896,13.0,2013-12-09,2014-05-19 00:00:00,,5.0,4421846,0.0,,,0.0,,
897,13.0,2013-12-09,2014-03-31 00:00:00,,26.0,2,0.0,,,0.0,,
898,13.0,2013-12-09,2014-05-12 00:00:00,,208.0,832302,0.0,,,0.0,,
899,13.0,2013-12-10,,,18.0,,0.0,,,0.0,,
900,13.0,2013-12-10,,,20.0,,0.0,,,0.0,,
901,13.0,2013-12-10,,,53.0,,0.0,,,0.0,,
902,13.0,2013-12-10,,,74.0,,0.0,,,0.0,,
903,13.0,2013-12-11,2014-03-17 00:00:00,,187.0,SI-87558,0.0,,,0.0,,
904,13.0,2013-12-11,2014-03-31 00:00:00,,6.0,2,0.0,,,0.0,,
905,13.0,2013-12-11,2014-04-14 00:00:00,,6.0,3,0.0,,,0.0,,
906,13.0,2013-12-11,,,100.0,,0.0,,,0.0,,
907,13.0,2013-12-11,,,12.0,,0.0,,,0.0,,
908,13.0,2013-12-11,,,105.0,,0.0,,,0.0,,
909,13.0,2013-12-16,,,18.0,For Field,0.0,,,0.0,,
910,13.0,2013-12-16,,,56.0,,0.0,,,,,
911,13.0,2013-12-20,,,11.0,,0.0,,,0.0,,
912,13.0,2013-12-20,,,73.0,,0.0,,,0.0,,
913,12.0,2013-12-23,,,10.0,,0.0,,,0.0,,
914,13.0,2013-12-23,,,10.0,,0.0,,,0.0,,
915,13.0,2013-12-23,,,46.0,,0.0,,,0.0,,
916,13.0,2013-12-23,,,4.0,,0.0,,,0.0,,
917,13.0,2013-12-23,,,80.0,,0.0,,,0.0,,
918,13.0,2014-01-08,2014-03-03 00:00:00,,210.0,833480,0.0,,,0.0,,
919,13.0,2014-01-08,2014-04-20 00:00:00,,207.0,3-352-014,0.0,,,0.0,,
920,13.0,2014-01-15,2014-03-03 00:00:00,,102.0,,0.0,,,0.0,,
921,13.0,2014-01-20,,,74.0,,0.0,,,0.0,,
922,13.0,2014-02-20,2014-04-01 00:00:00,,211.0,,0.0,,,0.0,,
923,14.0,2015-01-07,,,19.0,SO-2563441,0.0,,,0.0,,
924,13.0,2014-02-20,,,19.0,,0.0,,,0.0,,
925,13.0,2014-02-20,,,209.0,,0.0,,,0.0,,
926,13.0,2014-02-26,2014-04-07 00:00:00,,194.0,841628,0.0,,,0.0,,
927,13.0,2014-03-05,2014-04-01 00:00:00,,50.0,Fall Inventory 2013,0.0,,,0.0,,
928,13.0,2014-03-01,2014-03-13 00:00:00,,50.0,1,0.0,,,0.0,,
929,14.0,2014-11-14,2015-04-20 00:00:00,,208.0,87791,0.0,,,0.0,,
930,14.0,2014-11-14,2015-03-16 00:00:00,,206.0,877996,0.0,,,0.0,,
931,14.0,2014-11-14,2015-03-30 00:00:00,,28.0,877977,0.0,,,0.0,,
932,14.0,2014-11-14,2015-03-30 00:00:00,,195.0,878000,0.0,,,0.0,,
933,14.0,2014-11-14,2015-03-30 00:00:00,,25.0,878002,0.0,,,0.0,,
934,14.0,2014-11-14,2015-03-23 00:00:00,,194.0,878004,0.0,,,0.0,,
935,14.0,2014-11-17,2015-03-09 00:00:00,,36.0,878039,0.0,,,0.0,,
936,14.0,2014-11-17,2015-03-23 00:00:00,,25.0,878008,0.0,,,0.0,,
937,14.0,2014-11-17,2015-03-23 00:00:00,,28.0,878033,0.0,,,0.0,,
938,14.0,2014-11-17,2015-03-02 00:00:00,,28.0,878043,0.0,,,0.0,,
939,14.0,2014-11-17,2015-04-06 00:00:00,,28.0,878044,0.0,,,0.0,,
940,14.0,2014-11-17,2015-03-16 00:00:00,,205.0,878035,0.0,,,0.0,,
941,14.0,2014-11-18,2015-03-23 00:00:00,,35.0,878038,0.0,,,0.0,,
942,14.0,2014-11-18,2015-03-02 00:00:00,,190.0,878040,0.0,,,0.0,,
943,14.0,2014-11-18,2015-03-02 00:00:00,,25.0,878041,0.0,,,0.0,,
944,14.0,2014-11-18,2015-03-02 00:00:00,,34.0,878042,0.0,,,0.0,,
945,14.0,2014-11-18,2015-04-06 00:00:00,,194.0,877995,0.0,,,0.0,,
946,14.0,2014-11-18,2015-04-27 00:00:00,,212.0,878046,0.0,,,0.0,,
947,14.0,2014-11-18,2015-03-16 00:00:00,,28.0,878034,0.0,,,0.0,,
948,14.0,2014-11-18,2015-03-16 00:00:00,,25.0,878009,0.0,,,0.0,,
949,14.0,2014-11-18,2015-03-16 00:00:00,,199.0,673787,0.0,,,0.0,,
950,14.0,2014-11-18,2015-03-30 00:00:00,,199.0,673797,0.0,,,0.0,,
951,14.0,2014-11-20,2015-03-25 00:00:00,,187.0,SI-92769,0.0,,,0.0,,
952,14.0,2014-11-20,2015-03-17 00:00:00,,187.0,SI-92768,0.0,,,0.0,,
953,14.0,2014-11-20,2015-04-02 00:00:00,,187.0,SI-92770,0.0,,,0.0,,
954,14.0,2014-11-24,2015-03-16 00:00:00,,6.0,4780796,0.0,,,0.0,,
955,14.0,2014-11-24,2015-03-31 00:00:00,,6.0,4780797,0.0,,,0.0,,
956,14.0,2014-11-24,2015-04-14 00:00:00,,6.0,4780798,0.0,,,0.0,,
957,14.0,2014-11-25,,,18.0,,0.0,,,0.0,,
958,14.0,2014-11-25,,,14.0,,0.0,,,0.0,,
959,14.0,2014-11-25,,,196.0,,0.0,,,0.0,,
960,14.0,2014-11-25,,,74.0,,0.0,,,0.0,,
961,14.0,2014-11-25,,,88.0,,0.0,,,0.0,,
962,14.0,2014-11-25,,,12.0,,0.0,,,0.0,,
963,13.0,2014-11-25,,,20.0,,0.0,,,0.0,,
964,14.0,2014-11-25,,,20.0,,0.0,,,0.0,,
965,14.0,2014-12-01,,,13.0,,0.0,,,0.0,,
966,14.0,2014-12-01,,,53.0,,0.0,,,0.0,,
967,14.0,2014-12-01,2015-03-30 00:00:00,,23.0,1105500,0.0,,,0.0,,
968,14.0,2014-12-01,2015-03-23 00:00:00,,93.0,MO-14534,0.0,,,0.0,,
969,14.0,2014-12-02,2015-03-02 00:00:00,,98.0,857819,0.0,,,0.0,,
970,14.0,2014-12-02,2015-03-02 00:00:00,,212.0,857820,0.0,,,0.0,,
971,14.0,2014-12-02,2015-03-09 00:00:00,,204.0,4771333,0.0,,,0.0,,
972,14.0,2014-12-02,2015-03-09 00:00:00,,26.0,1,0.0,,,0.0,,
973,14.0,2014-12-02,2015-03-16 00:00:00,,26.0,2,0.0,,,0.0,,
974,14.0,2014-12-02,2015-03-16 00:00:00,,25.0,4771342,0.0,,,0.0,,
975,14.0,2014-12-02,2015-03-23 00:00:00,,5.0,4771361,0.0,,,0.0,,
976,14.0,2014-12-02,2015-03-30 00:00:00,,26.0,3,0.0,,,0.0,,
977,14.0,2014-12-03,2015-04-06 00:00:00,,204.0,4771380,0.0,,,0.0,,
978,14.0,2014-12-03,2015-04-13 00:00:00,,26.0,4,0.0,,,0.0,,
979,14.0,2014-12-03,2015-03-30 00:00:00,,212.0,857818,0.0,,,0.0,,
980,14.0,2014-12-03,2015-04-01 00:00:00,,86.0,V0-146937,0.0,,,0.0,,
981,14.0,2014-12-03,2015-03-30 00:00:00,,86.0,V0-146941,0.0,,,0.0,,
983,14.0,2014-12-12,2015-03-16 00:00:00,,9.0,5524-1,0.0,,,0.0,,
984,14.0,2014-12-12,2015-03-30 00:00:00,,9.0,5524-,0.0,,,0.0,,
985,14.0,2014-12-12,2015-04-20 00:00:00,,9.0,5524-3,0.0,,,0.0,,
986,14.0,2014-12-17,,,105.0,,0.0,,,0.0,,
987,14.0,2014-12-18,2015-05-01 00:00:00,,100.0,,0.0,,Last year our Peony 'Pince of Darkness' was white.,,,
988,14.0,2014-12-20,,,18.0,FOR FIELD,0.0,,,0.0,,
990,14.0,2014-12-20,,,11.0,,0.0,,,0.0,,
991,14.0,2014-12-20,,,73.0,,0.0,,,0.0,,
992,14.0,2014-12-20,,,80.0,,0.0,,,0.0,,
993,14.0,2014-12-20,,,10.0,,0.0,,,0.0,,
994,14.0,2014-12-20,,,4.0,,0.0,,,0.0,,
995,14.0,2014-12-20,,,46.0,,0.0,,,0.0,,
996,14.0,2015-02-12,,,200.0,81053,0.0,,,0.0,,
997,14.0,2015-02-12,,,185.0,150116,0.0,,,0.0,,
998,14.0,2015-02-12,,,49.0,,0.0,,,0.0,,
999,14.0,2015-02-16,2015-04-01 00:00:00,,211.0,,0.0,,,0.0,,
1001,14.0,2015-02-28,,,50.0,Fall Inventory,0.0,,,0.0,,
1003,14.0,2015-03-04,,,102.0,,0.0,,,0.0,,
1005,15.0,2015-11-04,2016-03-07 00:00:00,,28.0,925421,0.0,,,0.0,,
1006,15.0,2015-11-04,2016-03-07 00:00:00,,190.0,925414,0.0,,,0.0,,
1007,15.0,2015-11-04,2016-03-07 00:00:00,,25.0,925425,0.0,,,0.0,,
1009,15.0,2015-11-04,2016-03-07 00:00:00,,212.0,905318,0.0,,,0.0,,
1010,15.0,2015-11-04,2016-03-07 00:00:00,,36.0,925426,0.0,,,0.0,,
1011,15.0,2015-11-04,2016-03-07 00:00:00,,204.0,5157592,0.0,,Put in house number 9!,0.0,,
1012,15.0,2015-11-04,2016-03-07 00:00:00,,26.0,1,0.0,,,0.0,,
1013,15.0,2015-11-04,2016-03-14 00:00:00,,205.0,925430,0.0,,,0.0,,
1014,15.0,2015-11-04,2016-03-14 00:00:00,,28.0,925440,0.0,,,0.0,,
1015,15.0,2015-11-04,2016-03-14 00:00:00,,25.0,925448,0.0,,,0.0,,
1016,15.0,2015-11-04,2016-03-14 00:00:00,,6.0,503416,0.0,,,0.0,,
1017,15.0,2015-11-04,2016-03-14 00:00:00,,25.0,5157624,0.0,,,0.0,,
1018,15.0,2015-11-04,2016-03-21 00:00:00,,194.0,925452,0.0,,,0.0,,
1019,15.0,2015-11-04,2016-03-21 00:00:00,,35.0,925455,0.0,,,0.0,,
1020,15.0,2015-11-04,2016-03-21 00:00:00,,5.0,5157632,0.0,,,0.0,,
1021,15.0,2015-11-05,2016-04-04 00:00:00,,28.0,925458,0.0,,,0.0,,
1022,15.0,2015-11-05,2016-04-04 00:00:00,,195.0,925456,0.0,,,0.0,,
1023,15.0,2015-11-05,2016-04-11 00:00:00,,26.0,2,0.0,,,0.0,,
1024,15.0,2015-11-05,2016-04-11 00:00:00,,28.0,925459,0.0,,,0.0,,
1025,15.0,2015-11-05,2016-04-04 00:00:00,,194.0,925457,0.0,,,0.0,,
1026,15.0,2015-11-05,2016-04-04 00:00:00,,204.0,5157680,0.0,,,0.0,,
1028,15.0,2015-11-13,2016-03-28 00:00:00,,23.0,926776,0.0,,,0.0,,
1029,15.0,2015-11-13,2016-04-01 00:00:00,,86.0,V0157470,0.0,,,0.0,,
1031,15.0,2015-11-13,2016-03-28 00:00:00,,199.0,745879,0.0,,,0.0,,
1032,15.0,2015-11-13,2016-03-14 00:00:00,,199.0,745877,0.0,,,0.0,,
1033,15.0,2015-11-16,2016-03-07 00:00:00,,34.0,925429,0.0,,,0.0,,
1034,15.0,2015-11-16,2016-05-01 00:00:00,,100.0,,0.0,,,0.0,,
1035,15.0,2015-11-16,2016-03-14 00:00:00,,206.0,925412,0.0,,,0.0,,
1036,15.0,2015-11-16,2016-03-28 00:00:00,,187.0,SI-99533,0.0,,,0.0,,
1037,15.0,2015-11-16,2016-03-21 00:00:00,,187.0,SI-99532,0.0,,,0.0,,
1038,15.0,2015-11-16,2016-03-17 00:00:00,,187.0,3,0.0,,,0.0,,
1039,15.0,2015-11-16,2016-03-23 00:00:00,,93.0,5157786,0.0,,,0.0,,
1040,15.0,2015-11-16,2016-03-14 00:00:00,,9.0,18691 #1,0.0,,,0.0,,
1042,15.0,2015-11-16,2016-03-28 00:00:00,,9.0,18691 #2,0.0,,,0.0,,
1043,15.0,2015-11-16,2016-04-04 00:00:00,,9.0,18691 #3,0.0,,,0.0,,
1044,15.0,2015-11-16,2016-05-16 00:00:00,,9.0,18691 #4,0.0,,,0.0,,
1045,15.0,2015-11-19,,,14.0,,0.0,,,0.0,,
1046,15.0,2015-11-20,,,196.0,,0.0,,,0.0,,
1047,15.0,2015-11-20,,,20.0,,0.0,,,0.0,,
1048,15.0,2015-11-20,,,53.0,,0.0,,,0.0,,
1049,14.0,2015-11-20,,,18.0,,0.0,,,0.0,,
1050,15.0,2015-11-20,,,18.0,,0.0,,,0.0,,
1051,15.0,2015-11-20,,,74.0,,0.0,,,0.0,,
1052,15.0,2015-11-20,,,12.0,,0.0,,,0.0,,
1054,15.0,2015-12-07,2016-03-07 00:00:00,,205.0,905320,0.0,,,0.0,,
1055,15.0,2015-12-07,2016-03-21 00:00:00,,25.0,925451,0.0,,,0.0,,
1056,15.0,2015-12-07,2016-03-21 00:00:00,,28.0,925454,0.0,,,0.0,,
1057,15.0,2015-12-07,2016-03-28 00:00:00,,212.0,905321,0.0,,,0.0,,
1058,15.0,2015-12-07,2016-04-04 00:00:00,,25.0,925461,0.0,,,0.0,,
1059,15.0,2015-12-07,2016-04-04 00:00:00,,183.0,926779,0.0,,,0.0,,
1060,15.0,2015-12-07,2016-04-11 00:00:00,,205.0,926780,0.0,,,0.0,,
1061,15.0,2015-12-07,2016-04-18 00:00:00,,213.0,926777,0.0,,,0.0,,
1062,15.0,2015-12-07,2016-05-02 00:00:00,,212.0,925462,0.0,,,0.0,,
1063,15.0,2015-12-09,2016-03-28 00:00:00,,86.0,V0159013,0.0,,,0.0,,
1064,15.0,2015-12-09,2016-03-28 00:00:00,,86.0,V0157475,0.0,,,0.0,,
1065,15.0,2015-12-09,2016-04-04 00:00:00,,187.0,SI-99534,0.0,,,0.0,,
1066,15.0,2015-12-10,,,105.0,,0.0,,,0.0,,
1068,14.0,2015-12-17,,,56.0,,0.0,,,0.0,,
1069,15.0,2015-12-30,,,18.0,For FIELD,0.0,,,0.0,,
1070,15.0,2015-12-30,,,73.0,,0.0,,,0.0,,
1071,15.0,2015-12-30,,,11.0,,0.0,,,0.0,,
1072,15.0,2015-12-30,,,200.0,,0.0,,,0.0,,
1074,15.0,2015-12-30,,,56.0,,0.0,,,0.0,,
1075,15.0,2015-12-30,,,10.0,,0.0,,,0.0,,
1076,15.0,2015-12-30,,,185.0,,0.0,,,0.0,,
1077,15.0,2015-12-30,,,4.0,,0.0,,,0.0,,
1078,15.0,2016-01-13,2016-03-28 00:00:00,,93.0,60965,0.0,,Shared order through Liz,0.0,,
1079,14.0,2016-01-13,,,88.0,,0.0,,,0.0,,
1080,15.0,2016-01-20,,,46.0,,0.0,,,0.0,,
1081,15.0,2016-01-20,,,19.0,,0.0,,,0.0,,
1083,15.0,2016-02-11,2016-03-28 00:00:00,,184.0,,0.0,,,0.0,,
1084,15.0,2016-02-22,2016-04-25 00:00:00,,102.0,240674,0.0,,,0.0,,
1085,16.0,2016-11-10,2017-03-13 00:00:00,,9.0,1,0.0,,,0.0,,
1086,16.0,2016-11-10,2017-03-27 00:00:00,,9.0,#2,0.0,,,0.0,,
1087,16.0,2016-11-10,2017-04-03 00:00:00,,9.0,3,0.0,,,0.0,,
1088,16.0,2016-11-15,,,0.0,,0.0,,,0.0,,
1089,16.0,2016-11-15,,,0.0,,0.0,,,0.0,,
1090,16.0,2016-11-15,2017-03-21 00:00:00,,187.0,S013278,0.0,,,0.0,,
1091,16.0,2016-11-17,2017-04-01 00:00:00,,86.0,VO171974,0.0,,,0.0,,
1092,16.0,2016-11-15,2017-05-07 00:00:00,,100.0,129952,0.0,,,0.0,,
1093,16.0,2016-11-15,,,14.0,,0.0,,,0.0,,
1094,16.0,2016-11-15,2017-03-27 00:00:00,,23.0,9727771,0.0,,,0.0,,
1095,16.0,2016-11-15,,,196.0,,0.0,,,0.0,,
1096,16.0,2016-11-15,2017-03-28 00:00:00,,187.0,SO13277,0.0,,,0.0,,
1097,16.0,2016-11-15,2017-03-28 00:00:00,,86.0,VO172084,0.0,,,0.0,,
1098,16.0,,2017-03-28 00:00:00,,86.0,V0171976,0.0,,,0.0,,
1099,16.0,2016-11-15,2017-03-13 00:00:00,,6.0,5488544,0.0,,,0.0,,
1101,16.0,2016-11-15,2017-03-27 00:00:00,,199.0,0818825,0.0,,,0.0,,
1102,16.0,2016-11-15,2017-03-13 00:00:00,,199.0,0818817,0.0,,,0.0,,
1103,16.0,2016-11-15,2017-03-20 00:00:00,,5.0,5546977,0.0,,,0.0,,
1104,16.0,2016-11-15,2017-03-06 00:00:00,,34.0,959874,0.0,,,0.0,,
1105,16.0,2016-11-21,,,53.0,,0.0,,,0.0,,
1106,16.0,2016-11-21,,,18.0,,0.0,,,0.0,,
1107,16.0,2016-11-21,2017-03-07 00:00:00,,26.0,1,0.0,,,0.0,,
1108,16.0,2016-11-21,2017-04-11 00:00:00,,26.0,2,0.0,,,0.0,,
1109,16.0,2016-11-21,2017-04-04 00:00:00,,28.0,959871,0.0,,,0.0,,
1111,16.0,2016-11-21,2017-03-07 00:00:00,,25.0,972614,0.0,,,0.0,,
1112,16.0,2016-11-21,2017-03-14 00:00:00,,205.0,972619,0.0,,,0.0,,
1113,16.0,2016-11-21,2017-03-14 00:00:00,,25.0,972778,0.0,,,0.0,,
1114,16.0,2016-11-21,2017-03-13 00:00:00,,28.0,959868,0.0,,,0.0,,
1115,16.0,2016-11-21,2017-05-01 00:00:00,,105.0,,0.0,,,0.0,,
1116,16.0,2016-11-21,,,20.0,,0.0,,,0.0,,
1117,16.0,2016-11-21,2017-03-07 00:00:00,,205.0,949505,0.0,,,0.0,,
1118,16.0,2016-11-21,2017-04-03 00:00:00,,194.0,972774,0.0,,,0.0,,
1119,16.0,2016-11-21,2017-03-13 00:00:00,,25.0,5547232,0.0,,,0.0,,
1120,16.0,2016-11-21,2017-05-01 00:00:00,,212.0,972781,0.0,,,0.0,,
1121,16.0,2016-11-21,2017-03-06 00:00:00,,212.0,949509,0.0,,,0.0,,
1122,16.0,2016-11-21,2017-03-07 00:00:00,,36.0,972610,0.0,,,0.0,,
1123,16.0,2016-11-21,2017-04-04 00:00:00,,204.0,5546382,0.0,,,0.0,,
1124,16.0,2016-11-21,2017-04-03 00:00:00,,25.0,972779,0.0,,,0.0,,
1125,16.0,2016-11-21,2017-03-06 00:00:00,,28.0,959867,0.0,,,0.0,,
1126,16.0,2016-11-28,2017-03-13 00:00:00,,206.0,972770,0.0,,,0.0,,
1127,16.0,2016-11-28,2017-03-13 00:00:00,,187.0,SO13276,0.0,,,0.0,,
1129,16.0,2016-11-28,2017-03-23 00:00:00,,93.0,5547060,0.0,,,0.0,,
1130,16.0,2016-11-28,2017-03-07 00:00:00,,204.0,5546318,0.0,,,0.0,,
1131,16.0,2016-12-01,2017-04-03 00:00:00,,94.0,5547163,0.0,,,0.0,,
1132,16.0,2016-12-02,2017-01-01 00:00:00,,13.0,,0.0,,,0.0,,
1133,16.0,2016-12-06,2017-03-06 00:00:00,,190.0,972607,0.0,,,0.0,,
1134,16.0,2016-12-06,2017-03-20 00:00:00,,194.0,972606,0.0,,,0.0,,
1135,16.0,2016-12-07,2017-03-20 00:00:00,,25.0,972777,0.0,,,0.0,,
1136,16.0,2016-12-07,2017-03-20 00:00:00,,28.0,959869,0.0,,,0.0,,
1137,16.0,2016-12-07,2017-03-27 00:00:00,,212.0,949510,0.0,,,0.0,,
1138,16.0,2016-12-07,2017-04-03 00:00:00,,195.0,972776,0.0,,,0.0,,
1139,16.0,2016-12-07,2017-04-03 00:00:00,,183.0,959878,0.0,,,0.0,,
1140,16.0,2016-12-07,2017-04-10 00:00:00,,28.0,959872,0.0,,,0.0,,
1141,16.0,2016-12-07,2017-04-10 00:00:00,,205.0,972780,0.0,,,0.0,,
1142,16.0,2016-12-14,,,12.0,,0.0,,,0.0,,
1143,16.0,2016-12-14,2017-02-27 00:00:00,,215.0,5537892,0.0,,,0.0,,
1144,16.0,2016-12-21,2017-04-03 00:00:00,,187.0,SO13279,0.0,,,0.0,,
1145,16.0,2016-12-27,2017-01-17 00:00:00,,18.0,FOR FIELD,0.0,,FOR FIELD,0.0,,
1146,16.0,2016-12-27,,,11.0,,0.0,,,0.0,,
1147,16.0,2016-12-27,,,10.0,,0.0,,,0.0,,
1148,16.0,2016-12-27,,,73.0,,0.0,,,0.0,,
1149,16.0,2016-12-27,,,56.0,,0.0,,,0.0,,
1150,16.0,2016-12-27,,,4.0,,0.0,,,0.0,,
1151,16.0,2016-12-27,,,46.0,,0.0,,,0.0,,
1152,16.0,2016-12-27,,,80.0,,0.0,,,0.0,,
1153,16.0,2017-01-05,2017-04-10 00:00:00,,77.0,53315,0.0,,,0.0,,
1154,16.0,2017-01-23,,,185.0,,0.0,,,0.0,,
1155,16.0,2017-01-23,,,19.0,,0.0,,,0.0,,
1158,16.0,2017-01-24,2017-01-01 00:00:00,,47.0,,0.0,,,0.0,,
1159,16.0,2017-01-25,2017-03-20 00:00:00,,6.0,5570963,0.0,,,0.0,,
1160,16.0,2017-01-26,2017-04-10 00:00:00,,208.0,949520,0.0,,,0.0,,
1163,16.0,2017-02-22,2017-05-01 00:00:00,,102.0,258612,0.0,,,0.0,,
1164,16.0,2017-03-06,,,97.0,,0.0,,,0.0,,
1165,16.0,2017-03-20,,,50.0,Fall Inventory 2016,0.0,,Import of fall 2016 perennial inventory,0.0,,
1166,16.0,2017-03-09,2017-03-09 00:00:00,,50.0,,0.0,,,0.0,,
1167,16.0,2017-03-17,2017-03-17 00:00:00,,50.0,,0.0,,,0.0,,
1168,16.0,2017-03-23,2017-03-23 00:00:00,,50.0,,0.0,,,0.0,,
1169,16.0,2017-03-27,2017-03-27 00:00:00,,50.0,,0.0,,,0.0,,
1170,19.0,2017-09-28,2018-03-13 00:00:00,,9.0,1,0.0,,,0.0,,50.0
1171,19.0,2017-09-28,2018-03-27 00:00:00,,9.0,2,0.0,,,0.0,,50.0
1172,19.0,2017-09-28,2018-04-03 00:00:00,,9.0,3,0.0,,,0.0,,50.0
1173,19.0,2017-11-10,2018-05-07 00:00:00,,100.0,,0.0,,,0.0,,
1175,16.0,2017-11-10,2017-03-27 00:00:00,,199.0,0818825,0.0,,,0.0,,
1176,19.0,2017-11-10,2018-03-28 00:00:00,,86.0,VO 184199,0.0,,,0.0,,50.0
1177,19.0,2017-11-10,2018-04-02 00:00:00,,86.0,VO 184197,0.0,,,0.0,,50.0
1178,19.0,2017-11-10,2018-03-27 00:00:00,,23.0,17901,0.0,,,0.0,,3.0
1179,19.0,2017-11-10,2018-03-26 00:00:00,,199.0,0899264,0.0,,,0.0,,50.0
1180,19.0,2017-11-10,2018-03-19 00:00:00,,93.0,5923023,0.0,,,0.0,,
1181,19.0,2017-11-10,2018-03-19 00:00:00,,5.0,5922624,0.0,,,0.0,,88.0
1182,19.0,2017-11-10,2018-03-26 00:00:00,,187.0,SO-19424,0.0,,,0.0,,50.0
1183,19.0,2017-11-10,2018-03-12 00:00:00,,199.0,0899252,0.0,,,0.0,,50.0
1184,19.0,2017-11-10,2018-03-13 00:00:00,,187.0,SO-19425,0.0,,,0.0,,50.0
1185,19.0,2017-11-10,2018-03-12 00:00:00,,6.0,5922568,0.0,,,0.0,,
1186,19.0,2017-11-10,2018-04-02 00:00:00,,187.0,SO-19447,0.0,,,0.0,,50.0
1187,19.0,2017-11-10,2018-03-19 00:00:00,,187.0,SO-19426,0.0,,,0.0,,50.0
1188,19.0,2017-11-10,2018-04-03 00:00:00,,94.0,5923083,0.0,,,0.0,,88.0
1189,19.0,2017-11-10,2018-03-13 00:00:00,,206.0,17908,0.0,,,0.0,,
1190,19.0,2017-11-10,2018-03-05 00:00:00,,34.0,004480,0.0,,,0.0,,3.0
1191,19.0,2017-11-10,2018-04-03 00:00:00,,194.0,19029,0.0,,,0.0,,3.0
1192,19.0,2017-11-10,2018-04-10 00:00:00,,208.0,994336,0.0,,,0.0,,3.0
1193,19.0,2017-11-10,2018-05-01 00:00:00,,105.0,,0.0,,,0.0,,50.0
1194,19.0,2017-11-10,2018-03-13 00:00:00,,25.0,5922604,0.0,,,0.0,,88.0
1195,19.0,2017-11-10,2018-04-03 00:00:00,,195.0,17893,0.0,,,0.0,,3.0
1196,19.0,2017-11-10,2018-03-05 00:00:00,,25.0,017910,0.0,,,0.0,,
1197,19.0,2017-11-10,2018-03-07 00:00:00,,26.0,1,0.0,,,0.0,,50.0
1198,19.0,2017-11-10,2018-03-12 00:00:00,,25.0,17903,0.0,,,0.0,,3.0
1199,19.0,2017-11-10,2018-03-19 00:00:00,,25.0,17902,0.0,,,0.0,,3.0
1200,19.0,2017-11-10,2018-03-12 00:00:00,,28.0,004486,0.0,,,0.0,,3.0
1201,19.0,2017-11-10,2018-03-19 00:00:00,,28.0,004482,0.0,,,0.0,,3.0
1202,19.0,2017-11-10,2018-03-07 00:00:00,,36.0,17909,0.0,,,0.0,,3.0
1203,19.0,2017-11-10,2018-04-11 00:00:00,,26.0,2,0.0,,,0.0,,50.0
1204,19.0,2017-11-10,2018-03-06 00:00:00,,212.0,993687,0.0,,,0.0,,3.0
1205,19.0,2017-11-10,2018-04-02 00:00:00,,25.0,17895,0.0,,,0.0,,3.0
1206,19.0,2017-11-10,2018-03-05 00:00:00,,28.0,004481,0.0,,,0.0,,3.0
1207,19.0,2017-11-10,2018-04-10 00:00:00,,205.0,17885,0.0,,,0.0,,3.0
1208,19.0,2017-11-10,2018-03-05 00:00:00,,204.0,5922549,0.0,,,0.0,,88.0
1209,19.0,2017-11-10,2018-03-27 00:00:00,,212.0,993689,0.0,,,0.0,,3.0
1210,19.0,2017-11-10,2018-03-20 00:00:00,,194.0,19026,0.0,,,0.0,,3.0
1211,19.0,2017-11-10,2018-04-02 00:00:00,,204.0,5923123,0.0,,,0.0,,88.0
1212,19.0,2017-11-10,2018-04-02 00:00:00,,28.0,004483,0.0,,,0.0,,3.0
1214,19.0,2017-11-16,2018-03-14 00:00:00,,205.0,17907,0.0,,,0.0,,3.0
1215,19.0,2017-11-16,2018-04-09 00:00:00,,28.0,004485,0.0,,,0.0,,3.0
1216,19.0,2017-11-16,,,14.0,,0.0,,,0.0,,
1217,19.0,2017-11-16,,,196.0,,0.0,,,0.0,,
1218,19.0,2017-11-27,2018-03-05 00:00:00,,190.0,NOT AVAILABLE,0.0,,,0.0,,
1219,19.0,2017-11-27,2018-03-06 00:00:00,,205.0,993688,0.0,,,0.0,,3.0
1220,19.0,2017-11-27,2018-04-04 00:00:00,,183.0,17891,0.0,,,0.0,,3.0
1221,19.0,2017-11-27,2018-05-07 00:00:00,,212.0,,0.0,,,0.0,,3.0
1222,19.0,2017-11-30,,,80.0,,0.0,,,0.0,,
1223,19.0,2017-11-30,,,19.0,,0.0,,,0.0,,
1224,19.0,2017-11-30,,,20.0,,0.0,,,0.0,,
1226,19.0,2017-11-30,,,56.0,,0.0,,,0.0,,
1227,19.0,2017-11-30,,,18.0,2,0.0,,,0.0,,
1228,19.0,2017-11-30,,,18.0,,0.0,,,0.0,,
1229,19.0,2017-11-30,,,185.0,,0.0,,,0.0,,
1230,19.0,2017-11-30,,,11.0,,0.0,,,0.0,,
1231,19.0,2017-11-30,,,12.0,,0.0,,,0.0,,
1232,19.0,2017-11-30,,,73.0,,0.0,,,0.0,,
1233,19.0,2017-11-30,,,53.0,,0.0,,,0.0,,
1234,19.0,2017-11-30,,,10.0,,0.0,,,0.0,,
1235,19.0,2017-11-30,,,4.0,,0.0,,,0.0,,
1236,19.0,2017-11-30,,,47.0,,0.0,,,0.0,,
1237,19.0,2017-12-04,2018-03-26 00:00:00,,93.0,5923022,0.0,,,0.0,,
1238,19.0,2017-12-04,2018-04-02 00:00:00,,216.0,5923082,0.0,,,0.0,,88.0
1239,19.0,2017-12-28,2018-03-05 00:00:00,,90.0,5956884,0.0,,,0.0,,88.0
1240,19.0,2017-12-19,2018-03-19 00:00:00,,6.0,5947452,0.0,,,0.0,,88.0
1241,19.0,2018-01-07,2018-03-19 00:00:00,,193.0,5966576,0.0,,,0.0,,88.0
1242,19.0,2017-12-14,2018-04-02 00:00:00,,217.0,17897,0.0,,,0.0,,3.0
1243,19.0,2017-12-04,2018-04-02 00:00:00,,5.0,5925630,0.0,,,0.0,,88.0
1244,19.0,2017-10-29,2018-04-20 00:00:00,,102.0,,0.0,,,0.0,,50.0
1245,20.0,2018-10-31,2019-03-11 00:00:00,,9.0,1,0.0,,,0.0,,50.0
1246,20.0,2018-10-31,2019-03-18 00:00:00,,9.0,2,0.0,,,0.0,,50.0
1247,20.0,2018-10-31,2019-03-25 00:00:00,,9.0,3,0.0,,,0.0,,50.0
1248,19.0,2018-10-31,2019-04-01 00:00:00,,9.0,4,0.0,,,0.0,,50.0
1249,20.0,2018-11-06,2019-03-26 00:00:00,,199.0,0987862,0.0,,,0.0,,50.0
1250,20.0,2018-11-06,2019-03-12 00:00:00,,199.0,987859,0.0,,,0.0,,50.0
1252,20.0,2018-11-19,2019-04-01 00:00:00,,187.0,SO24556,0.0,,,0.0,,50.0
1253,20.0,2018-11-19,2019-03-25 00:00:00,,187.0,SO24555,0.0,,,0.0,,50.0
1254,20.0,2018-11-19,2019-03-18 00:00:00,,187.0,SO24554,0.0,,,0.0,,50.0
1255,20.0,2018-11-19,2019-03-11 00:00:00,,187.0,SO24553,0.0,,,0.0,,50.0
1257,20.0,2018-11-19,2019-04-01 00:00:00,,216.0,6315623,0.0,,,0.0,,88.0
1258,20.0,2018-11-19,2019-03-11 00:00:00,,90.0,6315611,0.0,,,0.0,,88.0
1259,20.0,2018-11-19,2019-03-11 00:00:00,,25.0,6315627,0.0,,,0.0,,88.0
1260,20.0,2018-11-19,2019-03-18 00:00:00,,5.0,6315622,0.0,,,0.0,,88.0
1261,19.0,2018-11-20,2018-04-01 00:00:00,,94.0,6315628,0.0,,,0.0,,88.0
1262,20.0,2018-11-30,2019-05-06 00:00:00,,212.0,058616,0.0,,,0.0,,3.0
1263,20.0,2018-11-30,2019-04-01 00:00:00,,86.0,VO194387,0.0,,,0.0,,50.0
1264,20.0,2018-11-30,2019-04-01 00:00:00,,86.0,VO194250,0.0,,,0.0,,50.0
1265,19.0,2018-11-30,2019-03-04 00:00:00,,34.0,050096,0.0,,,0.0,,3.0
1267,20.0,2018-11-30,2019-03-04 00:00:00,,218.0,058295,0.0,,,0.0,,3.0
1268,20.0,2018-11-30,2019-03-11 00:00:00,,219.0,058299,0.0,,,0.0,,3.0
1269,20.0,2018-11-30,2019-03-04 00:00:00,,25.0,058339,0.0,,,0.0,,3.0
1270,20.0,2018-11-30,2019-03-11 00:00:00,,206.0,058329,0.0,,,0.0,,3.0
1271,20.0,2018-11-30,2019-03-04 00:00:00,,36.0,058338,0.0,,,0.0,,3.0
1272,20.0,2018-11-30,2019-04-08 00:00:00,,205.0,058324,0.0,,,0.0,,3.0
1273,20.0,2018-11-30,2019-03-11 00:00:00,,205.0,058332,0.0,,,0.0,,3.0
1274,20.0,2018-12-03,2019-03-25 00:00:00,,23.0,058317,0.0,,,0.0,,3.0
1275,20.0,2018-12-03,2019-03-04 00:00:00,,205.0,039401,0.0,,,0.0,,3.0
1276,20.0,2018-12-03,2019-04-01 00:00:00,,183.0,058319,0.0,,,0.0,,3.0
1277,20.0,2018-12-03,2019-04-01 00:00:00,,194.0,058323,0.0,,,0.0,,3.0
1278,20.0,2018-12-03,2019-03-25 00:00:00,,212.0,39400,0.0,,,0.0,,3.0
1279,20.0,2018-12-03,2019-04-01 00:00:00,,25.0,058321,0.0,,,0.0,,3.0
1281,20.0,2018-12-03,2019-03-11 00:00:00,,25.0,58340,0.0,,,0.0,,3.0
1282,20.0,2018-12-03,2019-03-18 00:00:00,,25.0,58327,0.0,,,0.0,,3.0
1283,20.0,2018-12-03,2019-04-01 00:00:00,,6.0,6315618,0.0,,,0.0,,88.0
1284,20.0,2018-12-05,2019-03-18 00:00:00,,194.0,58325,0.0,,,0.0,,3.0
1285,20.0,2018-12-05,2019-04-08 00:00:00,,217.0,60046,0.0,,,0.0,,3.0
1286,19.0,2018-12-05,,,105.0,,0.0,,,0.0,,
1287,20.0,2018-12-05,,,105.0,,0.0,,,0.0,,
1288,20.0,2018-12-07,,,14.0,,0.0,,,0.0,,
1289,20.0,2018-12-07,,,12.0,,0.0,,,0.0,,
1290,20.0,2018-12-07,,,80.0,101580874,0.0,,,0.0,,
1291,20.0,2018-12-07,,,20.0,,0.0,,,0.0,,
1293,20.0,2018-12-07,,,18.0,For Greenhouse,0.0,,,0.0,,
1294,20.0,2018-12-07,,,53.0,,0.0,,,0.0,,
1295,20.0,2018-12-10,,,196.0,,0.0,,,0.0,,
1297,20.0,2018-12-10,2019-04-01 00:00:00,,6.0,6341373,0.0,,,0.0,,88.0
1299,20.0,2018-12-11,2019-04-01 00:00:00,,204.0,6315629,0.0,,,0.0,,88.0
1300,20.0,2018-12-11,2019-03-11 00:00:00,,6.0,6315625,0.0,,,0.0,,88.0
1301,20.0,2018-12-11,2019-04-01 00:00:00,,94.0,6315628,0.0,,,0.0,,88.0
1302,20.0,2018-12-11,2019-04-22 00:00:00,,94.0,6339578,0.0,,,0.0,,88.0
1303,20.0,2018-12-11,2019-04-01 00:00:00,,220.0,6341372,0.0,,,0.0,,88.0
1304,20.0,2018-12-11,2019-03-18 00:00:00,,93.0,6315624,0.0,,,0.0,,88.0
1305,20.0,2018-12-11,2019-03-04 00:00:00,,204.0,6315626,0.0,,,0.0,,88.0
1306,20.0,2018-12-11,2019-05-06 00:00:00,,100.0,,0.0,,,0.0,,50.0
1307,19.0,2018-12-18,2019-03-04 00:00:00,,28.0,50097,0.0,,,0.0,,3.0
1309,20.0,2018-12-18,2019-03-04 00:00:00,,212.0,39396,0.0,,,0.0,,3.0
1310,20.0,2018-12-18,2019-03-18 00:00:00,,28.0,50110,0.0,,,0.0,,3.0
1311,20.0,2018-12-18,2019-04-08 00:00:00,,28.0,050115,0.0,,,0.0,,3.0
1312,20.0,2018-12-18,2019-04-15 00:00:00,,208.0,039385,0.0,,,0.0,,3.0
1313,21.0,2018-12-18,2020-03-02 00:00:00,,26.0,1,0.0,,,0.0,,50.0
1314,20.0,2018-12-18,2019-04-08 00:00:00,,26.0,2,0.0,,,0.0,,50.0
1315,20.0,2018-12-19,2019-03-11 00:00:00,,194.0,58335,0.0,,,0.0,,3.0
1316,20.0,2018-12-19,2019-03-11 00:00:00,,28.0,50101,0.0,,,0.0,,3.0
1317,20.0,2018-12-19,2019-03-11 00:00:00,,212.0,58315,0.0,,,0.0,,3.0
1318,20.0,2018-12-19,2019-04-01 00:00:00,,28.0,050113,0.0,,,0.0,,3.0
1319,20.0,2018-12-19,2019-04-01 00:00:00,,195.0,17893,0.0,,,0.0,,3.0
1320,20.0,2018-12-28,,,18.0,Field,0.0,,,0.0,,
1321,20.0,2018-12-28,2019-01-01 00:00:00,,18.0,For field,0.0,,,0.0,,50.0
1322,20.0,2018-11-13,2019-04-01 00:00:00,,86.0,V0194251,0.0,,,0.0,,50.0
1323,20.0,2019-02-06,2019-03-11 00:00:00,,6.0,6315616,0.0,,,0.0,,88.0
1324,20.0,2019-02-06,2019-03-25 00:00:00,,6.0,6315620,0.0,,,0.0,,88.0
1325,20.0,2019-03-05,2019-03-11 00:00:00,,211.0,,0.0,,,0.0,,50.0
1326,20.0,2019-03-05,2019-05-05 00:00:00,,102.0,2999756,0.0,,,0.0,,50.0
1327,20.0,2019-03-06,,,19.0,,0.0,,,0.0,,50.0
1328,20.0,2019-03-06,,,192.0,,0.0,,,0.0,,50.0
1329,20.0,2018-12-27,,,221.0,,0.0,,,0.0,,
1330,20.0,2019-01-02,,,185.0,190012,0.0,,,0.0,,50.0
1331,21.0,2019-11-21,2020-03-02 00:00:00,,36.0,095587,0.0,,,0.0,,3.0
1332,21.0,2019-11-21,2020-03-02 00:00:00,,25.0,095589,0.0,,,0.0,,3.0
1333,21.0,2019-11-21,2020-03-02 00:00:00,,218.0,095594,0.0,,,0.0,,3.0
1334,21.0,2019-11-21,2020-03-02 00:00:00,,34.0,088112,0.0,,,0.0,,3.0
1335,21.0,2019-11-21,2020-03-09 00:00:00,,212.0,077164,0.0,,,0.0,,3.0
1336,21.0,2019-11-21,2020-03-09 00:00:00,,219.0,095611,0.0,,,0.0,,3.0
1337,21.0,2019-11-21,2020-03-09 00:00:00,,25.0,095612,0.0,,,0.0,,3.0
1339,21.0,2019-11-21,2020-03-02 00:00:00,,28.0,088111,0.0,,,0.0,,3.0
1340,21.0,2019-11-25,2019-03-09 00:00:00,,206.0,095607,0.0,,,0.0,,3.0
1341,21.0,2019-11-25,2020-03-09 00:00:00,,194.0,095606,0.0,,,0.0,,3.0
1342,21.0,2019-11-25,2020-03-09 00:00:00,,212.0,095610,0.0,,,0.0,,3.0
1343,21.0,2019-11-25,2020-03-09 00:00:00,,28.0,088121,0.0,,,0.0,,3.0
1344,21.0,2019-11-25,2020-03-16 00:00:00,,25.0,095605,0.0,,,0.0,,3.0
1345,21.0,2019-11-25,2020-03-16 00:00:00,,194.0,095604,0.0,,,0.0,,3.0
1346,21.0,2019-11-25,2020-03-16 00:00:00,,28.0,088126,0.0,,,0.0,,3.0
1347,21.0,2019-11-25,2020-03-23 00:00:00,,184.0,095596,0.0,,,0.0,,3.0
1348,21.0,2019-11-25,2020-03-23 00:00:00,,212.0,077165,0.0,,,0.0,,3.0
1349,21.0,2019-11-25,2020-03-23 00:00:00,,23.0,095601,0.0,,,0.0,,3.0
1350,21.0,2019-11-25,2020-03-23 00:00:00,,9.0,082936,0.0,,,0.0,,3.0
1351,21.0,2019-12-02,2020-03-30 00:00:00,,194.0,095599,0.0,,,0.0,,3.0
1353,21.0,2019-12-02,2020-03-09 00:00:00,,9.0,082925,0.0,,,0.0,,3.0
1354,21.0,2019-12-02,2020-03-30 00:00:00,,28.0,088127,0.0,,,0.0,,3.0
1355,21.0,2019-12-02,2020-03-30 00:00:00,,195.0,095598,0.0,,,0.0,,3.0
1356,21.0,2019-12-02,2020-03-30 00:00:00,,25.0,095600,0.0,,,0.0,,3.0
1357,21.0,2019-12-02,2020-04-06 00:00:00,,28.0,088129,0.0,,,0.0,,3.0
1358,21.0,2019-12-02,2020-04-06 00:00:00,,217.0,095597,0.0,,,0.0,,3.0
1359,21.0,2019-12-02,2020-04-06 00:00:00,,212.0,095591,0.0,,,0.0,,3.0
1360,21.0,2019-12-03,2020-04-06 00:00:00,,208.0,077020,0.0,,,0.0,,3.0
1361,21.0,2019-12-03,2020-04-20 00:00:00,,220.0,095584,0.0,,,0.0,,3.0
1362,21.0,2019-12-03,2020-05-04 00:00:00,,212.0,095595,0.0,,,0.0,,3.0
1363,21.0,2019-12-03,2020-04-01 00:00:00,,86.0,V0203502,0.0,,,0.0,,50.0
1364,21.0,2019-12-03,2020-03-30 00:00:00,,86.0,V0203563,0.0,,,0.0,,50.0
1365,21.0,2019-12-03,2020-03-02 00:00:00,,204.0,6718138,0.0,,,0.0,,88.0
1366,21.0,2019-12-03,2020-03-02 00:00:00,,25.0,6718224,0.0,,,0.0,,88.0
1367,21.0,2019-12-03,2020-03-02 00:00:00,,90.0,6718225,0.0,,,0.0,,88.0
1368,21.0,2019-12-03,2020-03-09 00:00:00,,25.0,6718226,0.0,,,0.0,,88.0
1369,21.0,2019-12-03,2020-03-09 00:00:00,,6.0,6718316,0.0,,,0.0,,88.0
1370,21.0,2019-12-03,2020-03-16 00:00:00,,5.0,6718332,0.0,,,0.0,,88.0
1371,21.0,2019-12-03,2020-03-16 00:00:00,,193.0,6718352,0.0,,,0.0,,88.0
1372,21.0,2019-12-03,2020-03-16 00:00:00,,93.0,6718350,0.0,,,0.0,,88.0
1373,21.0,2019-12-03,2020-03-30 00:00:00,,216.0,6718634,0.0,,,0.0,,88.0
1374,21.0,2019-12-03,2020-03-30 00:00:00,,94.0,6718405,0.0,,,0.0,,88.0
1375,21.0,2019-12-05,2020-03-30 00:00:00,,204.0,6718434,0.0,,,0.0,,88.0
1376,21.0,2019-12-05,2020-05-10 00:00:00,,105.0,,0.0,,,0.0,,50.0
1377,20.0,2019-12-05,,,26.0,,0.0,,,0.0,,
1378,20.0,2019-12-05,,,26.0,,0.0,,,0.0,,
1379,20.0,2019-12-05,,,26.0,,0.0,,,0.0,,
1381,21.0,2019-12-05,2020-04-06 00:00:00,,26.0,2,0.0,,,0.0,,50.0
1382,21.0,2019-12-10,,,18.0,Greenhouse,0.0,,,0.0,,50.0
1383,21.0,2019-12-10,,,80.0,,0.0,,,0.0,,50.0
1384,21.0,2019-12-10,,,53.0,1,0.0,,,0.0,,50.0
1385,21.0,2019-12-10,,,196.0,,0.0,,,0.0,,50.0
1386,21.0,2019-12-10,,,14.0,,0.0,,,0.0,,50.0
1387,21.0,2019-12-13,,,12.0,,0.0,,,0.0,,50.0
1388,21.0,2020-01-14,2020-03-27 00:00:00,,211.0,,0.0,,,0.0,,50.0
1389,21.0,2020-01-14,2020-04-01 00:00:00,,53.0,2,0.0,,,0.0,,50.0
1390,21.0,2020-01-22,2020-03-23 00:00:00,,187.0,SO29952,0.0,,,0.0,,50.0
1391,21.0,2020-01-22,2020-03-16 00:00:00,,187.0,SO29951,0.0,,,0.0,,50.0
1392,21.0,2020-01-22,2020-03-09 00:00:00,,187.0,SO29950,0.0,,,0.0,,50.0
1393,21.0,2020-01-22,2020-03-30 00:00:00,,187.0,SO29954,0.0,,,0.0,,50.0
1394,21.0,2020-01-22,2020-03-09 00:00:00,,199.0,1068204,0.0,,,0.0,,50.0
1395,21.0,2020-01-22,2020-03-23 00:00:00,,199.0,1068207,0.0,,,0.0,,50.0
1396,21.0,2020-01-30,2020-03-09 00:00:00,,222.0,100961,0.0,,,0.0,,3.0
1397,21.0,2020-01-30,2020-03-30 00:00:00,,220.0,099825,0.0,,,0.0,,3.0
1398,21.0,2020-01-30,2020-03-30 00:00:00,,86.0,VO203556,0.0,,,0.0,,50.0
1399,21.0,2020-02-03,2020-03-16 00:00:00,,26.0,3,0.0,,,0.0,,50.0
1400,21.0,2020-02-03,2020-05-15 00:00:00,,102.0,,0.0,,,0.0,,50.0
1402,22.0,2020-11-03,2021-05-10 00:00:00,,105.0,,0.0,,,0.0,,
1403,22.0,2020-11-11,,,14.0,,0.0,,,0.0,,
1404,22.0,2020-11-16,,,18.0,,0.0,,,0.0,,50.0
1406,22.0,2020-11-16,,,196.0,,0.0,,,0.0,,50.0
1407,22.0,2020-11-16,,,53.0,,0.0,,,0.0,,50.0
1408,22.0,2020-11-16,,,12.0,,0.0,,,0.0,,50.0
1409,22.0,2020-11-23,2021-03-01 00:00:00,,223.0,134596,0.0,,,0.0,,3.0
1410,22.0,2020-11-23,2021-03-01 00:00:00,,206.0,111515,0.0,,,0.0,,3.0
1411,22.0,2020-11-23,2021-03-29 00:00:00,,220.0,111554,0.0,,,0.0,,3.0
1412,22.0,2020-11-23,2021-03-08 00:00:00,,222.0,111531,0.0,,,0.0,,3.0
1413,22.0,2020-11-23,2021-03-08 00:00:00,,219.0,111520,0.0,,,0.0,,3.0
1414,22.0,2020-11-23,2021-03-15 00:00:00,,25.0,111535,0.0,,,0.0,,3.0
1416,22.0,2020-11-23,2021-03-15 00:00:00,,194.0,111532,0.0,,,0.0,,3.0
1417,22.0,2020-11-23,2021-03-22 00:00:00,,93.0,7108851,0.0,,,0.0,,88.0
1418,22.0,2020-11-23,2021-03-29 00:00:00,,194.0,717063,0.0,,,0.0,,88.0
1419,22.0,2020-11-23,2021-03-29 00:00:00,,194.0,7170602,0.0,,,0.0,,88.0
1420,22.0,2020-11-23,2021-03-15 00:00:00,,6.0,7108845,0.0,,,0.0,,88.0
1421,22.0,2020-06-17,2021-03-22 00:00:00,,212.0,111543,0.0,,,0.0,,3.0
1422,22.0,2020-11-23,2021-04-05 00:00:00,,28.0,111552,0.0,,,0.0,,3.0
1423,22.0,2020-11-23,2021-03-01 00:00:00,,224.0,117632,0.0,,,0.0,,3.0
1424,22.0,2020-11-23,2021-03-22 00:00:00,,5.0,7108858,0.0,,,0.0,,88.0
1425,22.0,2020-11-23,2021-03-08 00:00:00,,204.0,7108815,0.0,,,0.0,,88.0
1426,22.0,2020-11-23,2021-03-29 00:00:00,,187.0,SO36747,0.0,,,0.0,,50.0
1427,22.0,2020-11-23,2020-03-15 00:00:00,,187.0,SO36745,0.0,,,0.0,,50.0
1428,22.0,2020-11-23,2021-03-22 00:00:00,,187.0,SO36746,0.0,,,0.0,,50.0
1429,22.0,2020-11-23,2021-04-05 00:00:00,,217.0,111548,0.0,,,0.0,,3.0
1430,22.0,2020-11-23,2021-03-08 00:00:00,,9.0,111512,0.0,,,0.0,,3.0
1431,22.0,2020-11-23,2021-03-08 00:00:00,,28.0,111534,0.0,,,0.0,,3.0
1432,22.0,2020-11-23,2021-03-29 00:00:00,,194.0,111547,0.0,,,0.0,,3.0
1434,22.0,2020-11-23,2021-03-22 00:00:00,,184.0,111540,0.0,,,0.0,,3.0
1435,22.0,2020-11-23,2021-03-08 00:00:00,,25.0,111519,0.0,,,0.0,,3.0
1436,22.0,2020-11-23,2021-03-29 00:00:00,,28.0,111544,0.0,,,0.0,,3.0
1437,22.0,2020-11-23,2021-03-08 00:00:00,,212.0,111514,0.0,,,0.0,,3.0
1438,22.0,2020-11-24,2021-03-22 00:00:00,,9.0,111537,0.0,,,0.0,,3.0
1439,22.0,2020-12-09,2021-04-05 00:00:00,,94.0,7108919,0.0,,,0.0,,88.0
1445,22.0,2020-12-09,2021-04-05 00:00:00,,204.0,7108922,0.0,,,0.0,,88.0
1446,22.0,2020-12-09,2021-03-08 00:00:00,,28.0,111506,0.0,,,0.0,,3.0
1447,22.0,2020-12-11,2021-03-08 00:00:00,,212.0,111517,0.0,,,0.0,,3.0
1448,22.0,2020-12-14,2021-03-29 00:00:00,,86.0,VO216548,0.0,,,0.0,,50.0
1449,22.0,2020-12-14,2021-03-08 00:00:00,,90.0,7108244,0.0,,,0.0,,88.0
1450,22.0,2020-12-14,2021-03-15 00:00:00,,25.0,7108841,0.0,,,0.0,,88.0
1451,22.0,2020-12-14,2021-04-01 00:00:00,,86.0,VO215675,0.0,,,0.0,,50.0
1452,22.0,2020-12-14,2021-04-01 00:00:00,,86.0,VO215676,0.0,,,0.0,,50.0
1453,22.0,2020-12-14,2021-03-05 00:00:00,,26.0,1,0.0,,,0.0,,50.0
1454,22.0,2020-12-14,2021-04-05 00:00:00,,26.0,2,0.0,,,0.0,,50.0
1456,0.0,2021-01-04,,,199.0,,0.0,,,0.0,,
1458,22.0,2021-01-04,2021-03-22 00:00:00,,199.0,1156812,0.0,,,0.0,,50.0
1459,22.0,2021-01-04,2021-03-08 00:00:00,,199.0,1156811,0.0,,,0.0,,50.0
1460,22.0,2021-02-04,2021-03-22 00:00:00,,225.0,7281443,0.0,,,0.0,,88.0
1461,22.0,2021-02-04,2021-05-03 00:00:00,,212.0,111555,0.0,,,0.0,,3.0
1462,22.0,2021-02-04,2021-03-30 00:00:00,,211.0,,0.0,,,0.0,,50.0
1463,22.0,2021-02-04,2021-05-15 00:00:00,,102.0,,0.0,,,0.0,,50.0
1464,22.0,2021-02-08,2021-04-19 00:00:00,,208.0,116119,0.0,,,0.0,,3.0
1465,22.0,2021-02-18,2021-03-01 00:00:00,,25.0,111343,0.0,,,0.0,,3.0
1466,21.0,2021-02-18,2021-03-01 00:00:00,,36.0,111344,0.0,,,0.0,,3.0
1467,22.0,2021-02-25,2021-04-05 00:00:00,,212.0,111549,0.0,,,0.0,,3.0
1468,22.0,2021-02-25,2021-04-05 00:00:00,,94.0,124653,0.0,,,0.0,,3.0
1469,22.0,2021-03-04,2021-03-01 00:00:00,,218.0,111326,0.0,,,0.0,,3.0
