OrderID,GrowingSeasonID,DatePlaced,DateDue,DateReceived,SupplierID,OrderNumber,ShipperID,TrackingNumber,OrderComments,TotalCost,GrowingSeason,BrokerID
1470,21,2021-03-04 00:00:00,,,34,,0,,,0,,
1471,22,2021-03-04 00:00:00,2021-03-04 00:00:00,,34,111327,0,,,0,,3
1472,22,2020-05-01 00:00:00,2021-03-23 00:00:00,,195,,0,,,0,,3
1475,23,2021-09-13 00:00:00,2022-03-28 00:00:00,,194,7515685,0,,,0,,88
1477,23,2021-09-13 00:00:00,2022-03-21 00:00:00,,5,7515687,0,,,0,,88
1478,23,2021-09-13 00:00:00,2022-04-04 00:00:00,,94,7515688,0,,,0,,88
1479,23,2021-09-13 00:00:00,2022-03-14 00:00:00,,6,7515689,0,,,0,,88
1480,23,2021-09-13 00:00:00,2022-03-14 00:00:00,,25,7515690,0,,,0,,88
1481,23,2021-09-13 00:00:00,2022-03-07 00:00:00,,90,7515691,0,,,0,,88
1482,4,2021-09-13 00:00:00,2022-04-04 00:00:00,,204,,0,,,0,,88
1483,23,2021-09-13 00:00:00,2022-03-21 00:00:00,,6,7515713,0,,,0,,88
1484,23,2021-09-13 00:00:00,2022-03-21 00:00:00,,206,7515743,0,,,0,,88
1485,23,2021-09-13 00:00:00,2022-03-14 00:00:00,,225,7515756,0,,,0,,88
1486,23,2021-09-13 00:00:00,2022-03-07 00:00:00,,120,7515795,0,,,0,,88
1487,23,2021-09-13 00:00:00,2022-04-04 00:00:00,,120,7515900,0,,,0,,88
1488,22,2021-09-14 00:00:00,2022-02-28 00:00:00,,34,155789,0,,,0,,3
1489,23,2021-09-14 00:00:00,2022-02-28 00:00:00,,25,155783,0,,,0,,3
1491,23,2021-09-14 00:00:00,2022-02-28 00:00:00,,224,155780,0,,,0,,3
1492,23,2021-09-14 00:00:00,2022-02-28 00:00:00,,36,155795,0,,,0,,3
1493,23,2021-09-14 00:00:00,2022-02-28 00:00:00,,218,155784,0,,,0,,3
1494,23,2021-09-14 00:00:00,2022-02-28 00:00:00,,206,155793,0,,,0,,3
1495,23,2021-09-14 00:00:00,2022-03-07 00:00:00,,222,155835,0,,,0,,3
1496,23,2021-09-14 00:00:00,2022-03-07 00:00:00,,9,155655,0,,,0,,3
1497,23,2021-09-14 00:00:00,2022-03-07 00:00:00,,25,155827,0,,,0,,3
1498,23,2021-09-15 00:00:00,2022-03-07 00:00:00,,219,155832,0,,,0,,3
1499,23,2021-09-15 00:00:00,2022-03-07 00:00:00,,212,155858,0,,,0,,3
1500,23,2021-09-15 00:00:00,2022-03-07 00:00:00,,212,155860,0,,,0,,3
1501,23,2021-09-15 00:00:00,2022-03-07 00:00:00,,212,159051,0,,,0,,3
1502,23,2021-09-16 00:00:00,2022-03-14 00:00:00,,223,155882,0,,,0,,3
1503,23,2021-09-16 00:00:00,2022-03-14 00:00:00,,25,155880,0,,,0,,3
1504,23,2021-09-17 00:00:00,2022-03-15 00:00:00,,194,155883,0,,,0,,3
1505,23,2021-09-17 00:00:00,2022-03-21 00:00:00,,184,155885,0,,,0,,3
1506,23,2021-09-17 00:00:00,2022-03-21 00:00:00,,212,155886,0,,,0,,3
1507,23,2021-09-17 00:00:00,2022-03-21 00:00:00,,9,155656,0,,,0,,3
1508,23,2021-09-20 00:00:00,2022-03-28 00:00:00,,220,155892,0,,,0,,3
1509,23,2021-09-20 00:00:00,2022-03-28 00:00:00,,194,155889,0,,,0,,3
1510,23,2021-09-20 00:00:00,2022-03-28 00:00:00,,25,155888,0,,,0,,3
1511,23,2021-09-20 00:00:00,2022-03-28 00:00:00,,195,155902,0,,,0,,3
1512,23,2021-09-20 00:00:00,2022-04-04 00:00:00,,212,159070,0,,,0,,3
1513,23,2021-09-20 00:00:00,2022-04-11 00:00:00,,212,155901,0,,,0,,3
1514,23,2021-09-21 00:00:00,2022-05-02 00:00:00,,212,155922,0,,,0,,3
1515,23,2021-09-21 00:00:00,2022-04-18 00:00:00,,208,155305,0,,,0,,3
1516,22,2021-09-21 00:00:00,2021-10-04 00:00:00,,86,155805,0,,This order is an experiment- fall potting of peonies…,0,,3
1517,23,2021-09-21 00:00:00,2022-03-28 00:00:00,,212,159059,0,,,0,,3
1518,23,2021-09-21 00:00:00,2022-04-04 00:00:00,,212,155921,0,,,0,,3
1519,23,2021-10-20 00:00:00,2022-03-04 00:00:00,,26,1,0,,,0,,50
1520,23,2021-10-20 00:00:00,2022-04-04 00:00:00,,26,2,0,,,0,,50
1521,23,2021-10-20 00:00:00,2022-03-28 00:00:00,,86,170595,0,,,0,,3
1522,23,2021-11-08 00:00:00,2022-03-21 00:00:00,,93,7515686,0,,,0,,88
1524,23,2021-11-08 00:00:00,###############################################################################################################################################################################################################################################################,,184,7604913,0,,,0,,88
1525,23,2021-11-08 00:00:00,2022-03-28 00:00:00,,93,7604912,0,,,0,,88
1527,23,2021-11-29 00:00:00,2022-03-07 00:00:00,,86,170593,0,,,0,,3
1528,23,2021-11-29 00:00:00,2022-03-07 00:00:00,,199,1239212,0,,,0,,50
1529,23,2021-11-29 00:00:00,2022-03-21 00:00:00,,199,1239213,0,,,0,,50
1531,23,2021-11-29 00:00:00,2022-04-04 00:00:00,,94,153752,0,,,0,,3
1532,23,2021-12-16 00:00:00,,,196,,0,,With the marigolds boys can be Bonanzas and Ladies can be Marvels if necessary.,0,,
1533,23,2021-12-16 00:00:00,,,18,,0,,,0,,
1535,23,2021-12-20 00:00:00,,,12,,0,,,0,,
1536,23,2021-12-20 00:00:00,,,53,,0,,,0,,
1537,23,2022-01-07 00:00:00,2022-05-01 00:00:00,,105,,0,,,0,,50
1538,23,2022-01-17 00:00:00,2022-03-28 00:00:00,,94,183368,0,,,0,,3
1540,23,2022-01-17 00:00:00,2022-03-14 00:00:00,,9,183489,0,,,0,,3
1541,23,2022-01-25 00:00:00,2022-04-01 00:00:00,,211,,0,,,0,,50
1543,23,2022-01-25 00:00:00,2022-04-04 00:00:00,,204,7515692,0,,,0,,88
1544,23,2022-01-25 00:00:00,2022-01-01 00:00:00,,88,7737882,0,,,0,,88
1545,23,2022-01-26 00:00:00,2022-03-28 00:00:00,,6,183997,0,,,0,,3
1546,23,2022-01-26 00:00:00,2022-05-01 00:00:00,,100,146314,0,,,0,,50
1547,23,2022-01-26 00:00:00,2022-03-14 00:00:00,,187,SO43861,0,,,0,,50
1548,23,2022-01-26 00:00:00,2022-03-21 00:00:00,,187,SO43888,0,,400 metal trellis will come with this order.,0,,50
1549,23,2022-01-26 00:00:00,2022-03-28 00:00:00,,187,S043889,0,,,0,,50
1551,22,2022-01-27 00:00:00,2022-05-15 00:00:00,,102,370091,0,,,0,,50
1552,23,2022-02-01 00:00:00,2022-03-28 00:00:00,,25,7769942,0,,,0,,88
1553,23,2022-02-08 00:00:00,2022-03-07 00:00:00,,93,185302,0,,,0,,3
1555,23,2022-02-08 00:00:00,2022-03-07 00:00:00,,184,185301,0,,,0,,3
1556,23,2022-02-08 00:00:00,2022-03-14 00:00:00,,183,185196,0,,,0,,88
1557,23,2022-02-08 00:00:00,2022-02-28 00:00:00,,6,7763249,0,,,0,,88
1558,24,2022-08-07 00:00:00,2023-02-27 00:00:00,,206,196394,0,,,0,,3
1559,24,2022-09-14 00:00:00,2023-02-27 00:00:00,,226,19555,0,,,0,,3
1560,24,2022-09-14 00:00:00,2023-02-27 00:00:00,,25,196359,0,,,0,,3
1561,24,2022-09-14 00:00:00,2023-02-27 00:00:00,,36,196356,0,,,0,,3
1562,24,2022-09-14 00:00:00,2023-02-27 00:00:00,,218,196388,0,,,0,,3
1563,24,2022-09-14 00:00:00,2023-03-06 00:00:00,,210,199526,0,,,0,,3
1564,24,2022-09-14 00:00:00,2023-03-13 00:00:00,,194,199395,0,,,0,,3
1565,24,2022-09-14 00:00:00,2023-03-13 00:00:00,,25,196374,0,,,0,,3
1566,24,2022-09-14 00:00:00,2023-03-20 00:00:00,,212,196377,0,,,0,,3
1567,24,2022-09-14 00:00:00,2023-03-27 00:00:00,,194,196375,0,,,0,,3
1568,24,2022-09-14 00:00:00,2023-03-27 00:00:00,,195,196384,0,,,0,,3
1569,24,2022-09-14 00:00:00,2023-03-27 00:00:00,,220,196383,0,,,0,,3
1570,24,2022-09-14 00:00:00,2023-03-27 00:00:00,,212,196389,0,,,0,,3
1571,24,2022-09-14 00:00:00,2023-03-27 00:00:00,,25,196390,0,,,0,,3
1572,24,2022-09-14 00:00:00,2023-03-27 00:00:00,,228,197237,0,,,0,,3
1573,24,2022-09-14 00:00:00,2023-04-03 00:00:00,,212,196391,0,,,0,,3
1574,24,2022-09-14 00:00:00,2023-04-10 00:00:00,,212,196392,0,,,0,,3
1575,24,2022-09-14 00:00:00,2023-04-17 00:00:00,,208,195445,0,,not confirmed- received recipt of order but need to find confirmation,0,,3
1576,24,2022-09-14 00:00:00,2023-05-01 00:00:00,,212,196393,0,,,0,,3
1577,24,2022-09-14 00:00:00,2023-03-06 00:00:00,,212,196364,0,,,0,,3
1579,24,2022-09-14 00:00:00,2023-03-06 00:00:00,,212,196369,0,,,0,,3
1580,24,2022-09-20 00:00:00,2023-03-06 00:00:00,,212,196362,0,,,0,,3
1581,24,2022-09-20 00:00:00,2023-03-06 00:00:00,,212,196368,0,,,0,,3
1582,24,2022-09-20 00:00:00,2023-03-06 00:00:00,,86,196396,0,,,0,,3
1583,24,2022-09-20 00:00:00,2023-03-06 00:00:00,,25,196363,0,,,0,,3
1584,24,2022-09-20 00:00:00,2023-03-06 00:00:00,,93,196399,0,,,0,,3
1585,24,2022-09-20 00:00:00,2023-03-06 00:00:00,,9,183453,0,,,0,,3
1586,24,2022-09-20 00:00:00,2023-03-20 00:00:00,,184,196400,0,,,0,,3
1587,24,2022-09-20 00:00:00,2023-03-20 00:00:00,,9,183454,0,,,0,,3
1588,24,2022-09-20 00:00:00,2023-03-27 00:00:00,,86,196397,0,,,0,,3
1589,24,2022-09-21 00:00:00,2023-03-06 00:00:00,,120,7987110,0,,,0,,88
1590,24,2022-09-21 00:00:00,2023-03-13 00:00:00,,6,7987159,0,,,0,,88
1592,24,2022-09-22 00:00:00,2023-03-20 00:00:00,,5,7988336,0,,,0,,88
1593,24,2022-09-22 00:00:00,2023-03-20 00:00:00,,194,7988337,0,,,0,,88
1594,24,2022-09-22 00:00:00,2023-03-13 00:00:00,,90,7987138,0,,,0,,88
1595,23,2022-09-22 00:00:00,,,34,196358,0,,,0,,3
1596,24,2022-10-25 00:00:00,2023-03-20 00:00:00,,187,SO48899,0,,,0,,50
1597,24,2022-10-25 00:00:00,2023-04-03 00:00:00,,187,SO48900,0,,,0,,50
1598,24,2022-10-25 00:00:00,2023-05-01 00:00:00,,187,SO49134,0,,,0,,50
1599,24,2022-12-05 00:00:00,2023-05-01 00:00:00,,105,,0,,,0,,50
1600,23,2022-12-06 00:00:00,,,14,,0,,,0,,
1601,24,2022-12-06 00:00:00,,,88,,0,,,0,,88
1602,24,2022-12-06 00:00:00,,,14,,0,,,0,,50
1603,24,2022-12-06 00:00:00,,,53,,0,,,0,,50
1604,24,2022-12-06 00:00:00,,,196,,0,,,0,,50
1605,24,2022-12-06 00:00:00,,,18,,0,,,0,,50
1606,24,2022-12-06 00:00:00,,,12,,0,,,0,,50
1607,24,2022-12-06 00:00:00,2023-03-20 00:00:00,,211,,0,,"Whatever the Eucalyptus was that actually came we could sell and sell, so get some of that!",0,,50
1608,24,2022-12-09 00:00:00,2023-03-13 00:00:00,,25,7987139,0,,,0,,88
1609,24,2022-12-19 00:00:00,2023-03-03 00:00:00,,26,1,0,,,0,,50
1610,23,2022-12-19 00:00:00,2023-04-04 00:00:00,,26,2,0,,,0,,50
1611,24,2023-01-09 00:00:00,2023-04-03 00:00:00,,26,2,0,,,0,,50
1612,24,2023-01-11 00:00:00,2023-03-13 00:00:00,,229,217233,0,,,0,,3
1613,24,2023-01-11 00:00:00,2023-03-13 00:00:00,,219,217247,0,,,0,,3
1614,24,2023-01-11 00:00:00,2023-03-20 00:00:00,,93,7988319,0,,,0,,88
1615,24,2023-01-11 00:00:00,2023-04-03 00:00:00,,120,7988382,0,,,0,,88
1616,24,2023-01-19 00:00:00,2023-04-03 00:00:00,,120,8189557,0,,,0,,88
1617,25,2023-12-04 00:00:00,,,14,,0,,,0,,50
1618,25,2023-12-04 00:00:00,,,,,0,,,0,,
1619,25,2023-12-04 00:00:00,,,53,5504,0,,,0,,50
1620,25,2023-12-04 00:00:00,,,196,,0,,,0,,50
1621,25,2023-12-04 00:00:00,,,18,,0,,,0,,50
1622,25,2023-12-06 00:00:00,2024-05-03 00:00:00,,105,846,0,,,0,,50
1623,25,2023-12-07 00:00:00,2024-02-26 00:00:00,,36,230456,0,,,0,,3
1624,25,2023-12-07 00:00:00,2024-02-26 00:00:00,,25,230453,0,,,0,,3
1625,25,2023-12-07 00:00:00,2024-02-26 00:00:00,,218,230454,0,,,0,,3
1626,25,2023-12-07 00:00:00,2024-03-11 00:00:00,,206,230455,0,,,0,,3
1627,25,2023-12-07 00:00:00,2024-02-26 00:00:00,,226,230457,0,,,0,,3
1628,25,2023-12-07 00:00:00,2024-03-04 00:00:00,,26,1,0,,,0,,50
1629,25,2023-12-07 00:00:00,2024-04-01 00:00:00,,26,2,0,,,0,,50
1630,25,2023-12-07 00:00:00,2024-03-04 00:00:00,,86,230459,0,,,0,,3
1631,25,2023-12-07 00:00:00,2024-03-04 00:00:00,,25,230458,0,,,0,,3
1632,25,2023-12-07 00:00:00,2024-03-25 00:00:00,,25,230513,0,,,0,,3
1633,25,2023-12-07 00:00:00,2024-03-04 00:00:00,,212,230462,0,,,0,,3
1634,25,2023-12-08 00:00:00,2024-03-25 00:00:00,,212,230521,0,,,0,,3
1635,25,2023-12-08 00:00:00,2024-03-11 00:00:00,,219,230479,0,,,0,,3
1636,25,2023-12-08 00:00:00,2024-03-11 00:00:00,,25,230474,0,,,0,,3
1638,25,2023-12-08 00:00:00,2024-03-11 00:00:00,,194,230485,0,,,0,,3
1639,25,2023-12-08 00:00:00,2024-03-18 00:00:00,,212,230510,0,,,0,,3
1640,25,2023-12-08 00:00:00,2024-03-25 00:00:00,,195,230524,0,,,0,,3
1641,25,2023-12-08 00:00:00,2024-04-01 00:00:00,,212,230525,0,,,0,,3
1642,25,2023-12-08 00:00:00,2024-03-25 00:00:00,,228,230517,0,,,0,,3
1643,25,2023-12-08 00:00:00,2024-03-25 00:00:00,,194,230515,0,,,0,,3
1644,25,2023-12-08 00:00:00,2024-03-25 00:00:00,,220,230519,0,,,0,,3
1645,25,2023-12-08 00:00:00,2024-04-08 00:00:00,,212,230528,0,,,0,,3
1647,25,2023-12-08 00:00:00,2024-04-15 00:00:00,,208,231265,0,,,0,,3
1648,25,2023-12-08 00:00:00,2023-05-06 00:00:00,,212,230529,0,,,0,,3
1649,25,2023-12-08 00:00:00,2024-03-11 00:00:00,,9,230471,0,,,0,,3
1650,25,2023-12-08 00:00:00,2024-03-11 00:00:00,,229,230477,0,,,0,,3
1651,25,2023-12-08 00:00:00,2024-03-18 00:00:00,,184,230508,0,,,0,,3
1652,25,2023-12-08 00:00:00,2024-03-18 00:00:00,,222,230460,0,,,0,,3
1653,25,2023-12-08 00:00:00,2024-03-11 00:00:00,,223,230484,0,,,0,,3
1654,25,2023-12-08 00:00:00,2024-03-25 00:00:00,,86,230514,0,,,0,,3
1655,25,2023-12-08 00:00:00,2024-03-18 00:00:00,,9,230511,0,,,0,,3
1657,25,2023-12-08 00:00:00,2024-03-10 00:00:00,,230,8589967,0,,,0,,88
1658,25,2023-12-11 00:00:00,2024-03-18 00:00:00,,90,8596089,0,,,0,,88
1659,25,2023-12-11 00:00:00,2024-03-11 00:00:00,,25,8596090,0,,,0,,88
1661,25,2024-02-06 00:00:00,2024-03-18 00:00:00,,5,8599434,0,,,0,,88
1662,25,2023-12-11 00:00:00,2024-03-18 00:00:00,,194,8599441,0,,,0,,88
1663,25,2023-12-11 00:00:00,2024-03-18 00:00:00,,93,8599423,0,,,0,,88
1664,25,2023-12-11 00:00:00,2024-04-01 00:00:00,,230,8599463,0,,,0,,88
1666,25,2024-01-04 00:00:00,2024-03-04 00:00:00,,25,8596070,0,,,0,,88
1668,25,2024-01-04 00:00:00,2024-03-01 00:00:00,,184,8596071,0,,,0,,88
1670,25,2024-01-09 00:00:00,2024-03-18 00:00:00,,6,250788,0,,,0,,3
1671,25,2024-01-09 00:00:00,2024-03-25 00:00:00,,6,250656,0,,,0,,3
1672,25,2024-01-10 00:00:00,2024-03-11 00:00:00,,231,8596073,0,,,0,,88
1673,25,2024-01-10 00:00:00,2024-03-11 00:00:00,,206,8596072,0,,,0,,88
1674,25,2024-01-17 00:00:00,2024-03-20 00:00:00,,211,,0,,,0,,50
1675,25,2024-01-17 00:00:00,2024-04-29 00:00:00,,84,40110111800,0,,,0,,50
1676,25,2024-02-07 00:00:00,2024-03-10 00:00:00,,231,8645973,0,,,0,,88
1677,25,2024-02-07 00:00:00,2024-03-10 00:00:00,,6,8645974,0,,,0,,88
1678,25,2024-02-07 00:00:00,2024-04-01 00:00:00,,204,8614738,0,,,0,,88
1679,,2024-02-27 00:00:00,,,,,0,,,0,,
1680,25,2024-02-27 00:00:00,2024-03-25 00:00:00,,231,868454,0,,,0,,88
1681,25,2024-02-27 00:00:00,2024-03-25 00:00:00,,232,8684544,0,,,0,,88
1683,26,2024-09-09 00:00:00,,,0,,0,,,0,,
1684,25,2024-04-19 00:00:00,2024-04-23 00:00:00,,233,SI-179745,0,,,0,,50
1685,25,2024-04-29 00:00:00,2024-04-30 00:00:00,,233,SI-180657,0,,,0,,50
1686,26,2024-11-18 00:00:00,2025-03-10 00:00:00,,26,11095,0,,,0,,50
1687,26,2024-11-18 00:00:00,2025-04-07 00:00:00,,26,11098,0,,,0,,50
1688,26,2024-11-18 00:00:00,2025-03-10 00:00:00,,25,2001513,0,,,0,,3
1689,26,2024-11-18 00:00:00,2025-03-10 00:00:00,,9,2001488,0,,,0,,3
1690,26,2024-11-18 00:00:00,2025-03-17 00:00:00,,9,2001501,0,,,0,,3
1691,26,2024-11-18 00:00:00,2025-03-17 00:00:00,,184,2001493,0,,,0,,3
1692,26,2024-11-18 00:00:00,2025-03-24 00:00:00,,212,2001531,0,,,0,,3
1693,26,2024-11-18 00:00:00,2025-03-03 00:00:00,,25,2001494,0,,,0,,3
1694,26,2024-11-18 00:00:00,2025-04-07 00:00:00,,208,2001536,0,,,0,,3
1695,26,2024-11-18 00:00:00,2025-03-24 00:00:00,,194,2001527,0,,,0,,3
1696,26,2024-11-18 00:00:00,2025-03-10 00:00:00,,194,2001456,0,,,0,,3
1697,26,2024-11-18 00:00:00,2025-03-17 00:00:00,,212,2001497,0,,,0,,3
1699,26,2024-11-18 00:00:00,2025-03-10 00:00:00,,229,2001429,0,,,0,,3
1700,26,2024-11-18 00:00:00,2025-03-17 00:00:00,,6,2001521,0,,,0,,3
1701,26,2024-11-18 00:00:00,2025-03-10 00:00:00,,206,2001438,0,,,0,,3
1702,26,2024-11-20 00:00:00,2025-02-24 00:00:00,,36,2001424,0,,,0,,3
1703,26,2024-11-20 00:00:00,2025-02-24 00:00:00,,25,2001426,0,,,0,,3
1704,26,2024-11-20 00:00:00,2025-02-24 00:00:00,,218,2001432,0,,,0,,3
1705,26,2024-11-20 00:00:00,2025-03-03 00:00:00,,226,2001511,0,,,0,,3
1706,26,2024-11-20 00:00:00,2025-03-03 00:00:00,,212,2001443,0,,,0,,3
1707,26,2024-11-20 00:00:00,2025-03-17 00:00:00,,222,2001492,0,,,0,,3
1708,26,2024-11-20 00:00:00,2025-03-24 00:00:00,,25,2001524,0,,,0,,3
1709,26,2024-11-20 00:00:00,2025-03-25 00:00:00,,6,2001523,0,,,0,,3
1710,26,2024-11-20 00:00:00,2025-03-24 00:00:00,,228,2001529,0,,,0,,3
1711,26,2024-11-20 00:00:00,2025-03-24 00:00:00,,220,2001550,0,,,0,,3
1712,26,2024-11-20 00:00:00,2025-03-31 00:00:00,,212,2001534,0,,,0,,3
1713,26,2024-11-20 00:00:00,2025-04-07 00:00:00,,212,2001539,0,,,0,,3
1714,26,2024-11-20 00:00:00,2025-05-05 00:00:00,,212,2001540,0,,,0,,3
1716,26,2024-12-01 00:00:00,2025-03-24 00:00:00,,195,2020311,0,,,0,,3
1717,26,2024-12-02 00:00:00,2025-03-03 00:00:00,,222,2020314,0,,,0,,3
1718,26,2024-12-02 00:00:00,2025-03-24 00:00:00,,,2020301,0,,,0,,3
1719,26,2024-12-02 00:00:00,2025-03-24 00:00:00,,234,2020301,0,,,0,,3
1720,26,2024-12-04 00:00:00,2025-03-17 00:00:00,,25,9005010,0,,,0,,88
1721,26,2024-12-04 00:00:00,2025-03-10 00:00:00,,25,9004972,0,,,0,,88
1722,26,2024-12-04 00:00:00,2025-03-31 00:00:00,,120,9005154,0,,,0,,88
1723,26,2024-12-04 00:00:00,2025-03-10 00:00:00,,120,9005121,0,,,0,,88
1724,26,2024-12-04 00:00:00,2025-03-17 00:00:00,,93,9007941,0,,,0,,88
1725,26,2024-12-04 00:00:00,2025-03-17 00:00:00,,5,9007919,0,,,0,,88
1726,26,2024-12-04 00:00:00,2025-03-10 00:00:00,,231,8645793,0,,,0,,88
1727,26,2024-12-06 00:00:00,2025-03-10 00:00:00,,6,8645974,0,,,0,,88
1729,26,2024-12-06 00:00:00,2025-03-17 00:00:00,,206,9007981,0,,,0,,88
1730,26,2024-12-06 00:00:00,2025-03-17 00:00:00,,194,9007923,0,,,0,,88
1731,26,2024-12-06 00:00:00,2025-03-31 00:00:00,,220,9005140,0,,,0,,88
1732,26,2024-12-11 00:00:00,2024-05-02 00:00:00,,105,1325,0,,,0,,50
1733,26,2024-12-11 00:00:00,2025-03-24 00:00:00,,77,2021216,0,,,0,,3
1734,26,2024-12-18 00:00:00,,,196,,0,,,0,,50
1735,26,2024-12-18 00:00:00,,,14,,0,,,0,,50
1736,26,2024-12-18 00:00:00,,,18,,0,,,0,,50
1737,26,2024-12-18 00:00:00,,,53,,0,,,0,,50
1738,26,2024-12-18 00:00:00,2025-03-17 00:00:00,,90,9005011,0,,,0,,88
1739,26,2025-02-10 00:00:00,2025-03-24 00:00:00,,211,,0,,,0,,50
1740,26,2025-02-10 00:00:00,2025-02-10 00:00:00,,74,,0,,,0,,50
10,4,2001-12-31 00:00:00,2001-12-31 00:00:00,2001-12-31 00:00:00,50,,0,,Historical data - entered by Judith,0,2002,
11,4,2001-12-31 00:00:00,2001-12-31 00:00:00,2001-12-31 00:00:00,18,,0,,Historical data - entered by Judith,0,2002,
12,4,,2001-12-31 00:00:00,2001-12-31 00:00:00,50,,0,,Historical data - entered by Judith,0,2002,
13,4,2001-12-31 00:00:00,2001-12-31 00:00:00,2001-12-31 00:00:00,51,,0,,Historical data - entered by Judith,0,2002,
14,4,2001-12-31 00:00:00,2001-12-31 00:00:00,2001-12-31 00:00:00,1,,0,,Historical data - entered by Judith,0,2002,
15,4,2001-12-30 00:00:00,2001-12-31 00:00:00,2001-12-31 00:00:00,11,,0,,,0,2002,
16,4,2001-12-31 00:00:00,2001-12-31 00:00:00,2001-12-31 00:00:00,10,,0,,Historical data - entered by Judith,0,2002,
17,4,2001-12-31 00:00:00,2001-12-31 00:00:00,2001-12-31 00:00:00,4,,0,,Historical data - entered by Judith,0,2002,
18,4,2001-12-31 00:00:00,2001-12-31 00:00:00,2001-12-31 00:00:00,2,,0,,Historical data - entered by Judith,0,2002,
19,4,2001-12-31 00:00:00,2001-12-31 00:00:00,2001-12-31 00:00:00,19,,0,,Historical data - entered by Judith,0,2002,
20,4,2001-12-31 00:00:00,2001-12-31 00:00:00,2001-12-31 00:00:00,20,,0,,Historical data - entered by Judith,0,2002,
21,4,2001-12-20 00:00:00,,,14,,0,,Historical data - entered by Judith,0,2002,
22,4,2001-12-31 00:00:00,2001-12-31 00:00:00,2001-12-31 00:00:00,15,,0,,Historical data - entered by Judith,0,2002,
23,4,2001-12-31 00:00:00,2001-12-31 00:00:00,2001-12-31 00:00:00,3,,0,,Historical data - entered by Judith,0,2002,
24,4,2001-12-31 00:00:00,2001-12-31 00:00:00,2001-12-31 00:00:00,21,,0,,Historical data - entered by Judith.,0,2002,
25,4,2001-12-31 00:00:00,2001-12-31 00:00:00,2001-12-31 00:00:00,12,,0,,Historical data - entered by Judith.,0,2002,
26,4,2001-12-31 00:00:00,2001-12-31 00:00:00,2001-12-31 00:00:00,13,,0,,Historical data - entered by Judith,0,2002,
27,4,2001-12-31 00:00:00,2001-12-31 00:00:00,2001-12-31 00:00:00,17,,0,,Historical data - entered by Judith,0,2002,
29,4,2001-12-31 00:00:00,2001-12-31 00:00:00,2001-12-31 00:00:00,52,,0,,Historical data - entered by Judith,0,2002,
30,4,2001-12-31 00:00:00,2001-12-31 00:00:00,2001-12-31 00:00:00,53,,0,,Historical data - entered by Judith,0,2002,
36,3,2002-12-06 00:00:00,,,56,,0,,,0,2003,
37,3,2002-12-06 00:00:00,,,54,,0,,,0,2003,
38,3,2002-12-06 00:00:00,,,10,,0,,,0,2003,
39,3,2002-12-06 00:00:00,,,55,,0,,,0,2003,
40,3,2002-12-06 00:00:00,,,11,0175512,0,,,0,2003,
41,3,2002-12-06 00:00:00,,,57,,0,,,0,2003,
42,3,2002-12-06 00:00:00,,,49,,0,,,0,2003,
43,3,2002-12-06 00:00:00,,,58,,0,,,0,2003,
44,3,2002-12-06 00:00:00,2003-03-10 00:00:00,,9,,0,,,0,2003,
45,3,2002-12-06 00:00:00,2003-03-10 00:00:00,,59,,0,,,0,2003,
46,3,2002-12-06 00:00:00,2003-03-10 00:00:00,,6,202994,5,,,0,2003,
47,3,2002-12-07 00:00:00,2003-03-10 00:00:00,,6,202957,0,,,0,2003,
48,3,2002-12-17 00:00:00,,,3,,0,,,0,2003,
53,4,2001-12-19 00:00:00,,,14,,0,,,0,2002,
54,3,2002-12-23 00:00:00,,,14,74334,0,,,0,2003,
55,3,2002-12-23 00:00:00,,,15,,0,,,0,2003,
56,3,2002-12-23 00:00:00,2002-12-23 00:00:00,,1,,0,,,0,2003,
59,3,2003-01-13 00:00:00,,,2,,0,,,0,2003,
60,3,2003-01-13 00:00:00,,,12,,0,,,0,2003,
61,3,2003-01-13 00:00:00,,,20,,0,,,0,2003,
62,3,2003-01-13 00:00:00,,,18,,0,,,0,2003,
63,3,2003-01-14 00:00:00,,,16,,0,,,0,2003,
64,3,2003-01-14 00:00:00,,,13,,0,,,0,2003,
65,3,2003-01-14 00:00:00,,,19,,0,,,0,2003,
66,3,2003-01-14 00:00:00,,,4,,0,,,0,2003,
68,3,2003-01-14 00:00:00,,,61,,0,,,0,2003,
69,3,2003-01-14 00:00:00,,,21,,0,,,0,2003,
70,3,2003-01-14 00:00:00,,,53,,0,,,0,2003,
71,3,2002-09-29 00:00:00,2003-03-17 00:00:00,,28,217880-00,5,,,0,2003,
72,3,2002-12-18 00:00:00,2003-03-10 00:00:00,,60,4077,2,,,0,2003,
73,3,2002-11-18 00:00:00,2003-03-17 00:00:00,,25,21563,5,,,0,2003,
74,3,2002-10-24 00:00:00,2003-03-03 00:00:00,,25,20732,5,,,0,2003,
75,3,2002-09-30 00:00:00,2003-03-10 00:00:00,,33,217831-00,4,,,0,2003,
76,3,2002-11-18 00:00:00,2003-03-10 00:00:00,,26,,1,,,0,2003,
77,3,2002-12-02 00:00:00,2003-04-21 00:00:00,,26,,1,,,0,2003,
78,3,2002-09-30 00:00:00,2003-03-17 00:00:00,,28,217897-00,5,,maybe I have erased some of these entries by mistake,0,2003,
79,3,2002-09-30 00:00:00,2003-03-10 00:00:00,,38,217878-00,4,,,0,2003,
80,3,2002-11-26 00:00:00,2003-05-05 00:00:00,,27,229519-00,1,,"I might have messed this one up too, forgot to copy before making adjustments",0,2003,
81,3,2002-09-27 00:00:00,2003-03-03 00:00:00,,28,217905-00,5,,,0,2003,
82,3,2002-09-30 00:00:00,2003-03-03 00:00:00,,36,217841-00,6,,,0,2003,
83,3,2002-12-02 00:00:00,2003-03-10 00:00:00,,29,,5,,,0,2003,
84,3,2002-09-30 00:00:00,2003-03-03 00:00:00,,32,217832-00,5,,,0,2003,
85,3,2002-09-28 00:00:00,2003-03-31 00:00:00,,28,217900-00,5,,,0,2003,
86,3,2002-09-26 00:00:00,2003-03-03 00:00:00,,28,217847-00,5,,,0,2003,
87,3,2002-09-30 00:00:00,2003-03-03 00:00:00,,33,217829,4,,,0,2003,
88,3,2002-09-29 00:00:00,2003-03-03 00:00:00,,36,217836-00,6,,,0,2003,
89,3,2002-09-28 00:00:00,2003-03-17 00:00:00,,36,217842-00,6,,,0,2003,
90,3,2002-09-29 00:00:00,2003-03-03 00:00:00,,32,217834-00,5,,,0,2003,
91,3,2002-09-30 00:00:00,2003-03-03 00:00:00,,34,217844-00,4,,,0,2003,
92,3,2002-09-25 00:00:00,2003-03-17 00:00:00,,28,217912-00,5,,,0,2003,
93,3,2002-09-24 00:00:00,2003-03-17 00:00:00,,28,217890-00,5,,,0,2003,
94,3,2003-01-03 00:00:00,,,43,A119565,2,,,0,2003,
95,3,2003-01-23 00:00:00,,,42,6848,0,,,0,2003,
96,3,2002-12-06 00:00:00,,,3,229671,0,,,0,2003,
97,3,2003-01-23 00:00:00,,,40,,0,,,0,2003,
98,3,2003-01-23 00:00:00,,,41,,0,,,0,2003,
99,3,2003-01-23 00:00:00,,,63,234345,0,,,0,2003,
100,3,2003-01-24 00:00:00,2003-04-01 00:00:00,,64,14494,0,,,0,2003,
101,3,2003-02-07 00:00:00,,,7,,0,,,0,2003,
102,3,2003-01-21 00:00:00,2003-03-17 00:00:00,,23,6042,1,,,0,2003,
103,3,2003-02-13 00:00:00,,,24,,0,,,0,2003,
106,3,2002-11-22 00:00:00,2003-06-16 00:00:00,,28,228659-00,0,,,0,2003,
107,3,2003-01-22 00:00:00,2003-05-12 00:00:00,,67,80324,2,,,0,2003,
108,3,2003-02-10 00:00:00,2003-05-12 00:00:00,,68,00001526,0,,,0,2003,
109,3,2003-02-08 00:00:00,,,66,,0,,,0,2003,
119,3,2003-05-31 00:00:00,,,50,,0,,,0,2003,
121,3,2003-03-05 00:00:00,2003-03-18 00:00:00,,3,246637-00,0,,,0,2003,
122,1,2003-12-02 00:00:00,2004-01-30 00:00:00,,3,,0,,,0,2004,
124,1,2003-12-02 00:00:00,2004-01-30 00:00:00,,14,,0,,,0,2004,
125,1,2003-12-03 00:00:00,2004-01-30 00:00:00,,1,,0,,,0,2004,
126,1,2003-12-23 00:00:00,,,72,,0,,,0,2004,
127,1,2003-12-03 00:00:00,2004-01-30 00:00:00,,4,,0,,,0,2004,
128,1,2003-12-03 00:00:00,2004-01-30 00:00:00,,21,,0,,,0,2004,
129,1,2003-12-03 00:00:00,2004-01-30 00:00:00,,16,,0,,,0,2004,
130,1,2003-12-03 00:00:00,2004-01-30 00:00:00,,18,,0,,,0,2004,
131,1,2003-12-03 00:00:00,2004-01-30 00:00:00,,15,,0,,,0,2004,
132,1,2003-12-03 00:00:00,2004-01-30 00:00:00,,53,,0,,,0,2004,
133,1,2003-12-03 00:00:00,2004-01-30 00:00:00,,13,,0,,,0,2004,
134,1,2003-12-03 00:00:00,2004-01-30 00:00:00,,20,,0,,,0,2004,
135,1,2003-12-03 00:00:00,2004-01-30 00:00:00,,2,,0,,,0,2004,
136,1,2003-12-04 00:00:00,2004-01-30 00:00:00,,19,,0,,,0,2004,
137,1,2003-12-04 00:00:00,2004-03-15 00:00:00,,59,,0,,,0,2004,
138,1,2003-12-05 00:00:00,2004-03-15 00:00:00,,9,,0,,,0,2004,
139,1,2003-12-08 00:00:00,2004-03-15 00:00:00,,28,271817-00,0,,,0,2004,
140,1,2003-12-08 00:00:00,2004-03-01 00:00:00,,28,271807-00,0,,,0,2004,
141,1,2003-12-08 00:00:00,2004-03-15 00:00:00,,28,271810-00,0,,,0,2004,
142,1,2003-12-08 00:00:00,2004-03-15 00:00:00,,28,271821-00,0,,,0,2004,
143,1,2003-12-09 00:00:00,2004-03-15 00:00:00,,28,271819-00,0,,,0,2004,
144,1,2003-12-09 00:00:00,2004-03-08 00:00:00,,38,270651-00,0,,,0,2004,
145,1,2003-12-09 00:00:00,2004-03-29 00:00:00,,28,271809-00,0,,,0,2004,
146,1,2003-12-09 00:00:00,2004-03-15 00:00:00,,28,271816-00,0,,,0,2004,
147,1,2003-12-10 00:00:00,2004-03-15 00:00:00,,6,238300,0,,,0,2004,
148,1,2003-12-10 00:00:00,2004-04-05 00:00:00,,6,238327,0,,,0,2004,
149,1,2003-12-10 00:00:00,2004-03-01 00:00:00,,33,270640-00,0,,,0,2004,
150,1,2005-09-20 00:00:00,2004-03-01 00:00:00,,33,270648-00,0,,,0,2004,
151,1,2003-12-10 00:00:00,2004-03-01 00:00:00,,36,271790-00,0,,,0,2004,
152,1,2003-12-10 00:00:00,2004-03-01 00:00:00,,36,271804-00,0,,,0,2004,
153,1,2003-12-10 00:00:00,2004-03-01 00:00:00,,69,270638-00,0,,,0,2004,
154,1,2003-12-10 00:00:00,2004-03-01 00:00:00,,70,273836-00,0,,,0,2004,
155,1,2003-12-10 00:00:00,2004-03-01 00:00:00,,34,270637-00,0,,,0,2004,
156,1,2003-12-10 00:00:00,2004-03-01 00:00:00,,32,270630,0,,,0,2004,
157,2,2004-09-20 00:00:00,2005-03-14 00:00:00,,36,330193-00,0,,,0,2004,
158,1,2003-12-10 00:00:00,2004-05-03 00:00:00,,27,287482-00,0,,,0,2004,
159,1,2003-12-10 00:00:00,2004-05-31 00:00:00,,28,287480-00,0,,,0,2004,
160,1,2003-12-15 00:00:00,2004-03-08 00:00:00,,26,,0,,,0,2004,
161,1,2003-12-15 00:00:00,2004-04-19 00:00:00,,26,,0,,,0,2004,
162,1,2003-12-15 00:00:00,2004-03-08 00:00:00,,29,,0,,,0,2004,
163,1,2003-12-15 00:00:00,2004-03-01 00:00:00,,25,33223=33636,0,,,0,2004,
164,1,2003-12-15 00:00:00,2004-03-15 00:00:00,,25,33262,0,,,0,2004,
166,2,2004-12-23 00:00:00,,,11,,0,,,0,2004,
167,1,,2004-01-30 00:00:00,,10,,0,,,0,2004,
168,1,2004-01-28 00:00:00,2004-01-30 00:00:00,,73,,0,,,0,2004,
169,5,2006-01-18 00:00:00,,,54,,0,,,0,2004,
170,1,2004-01-28 00:00:00,2004-01-30 00:00:00,,56,,0,,,0,2004,
171,1,2004-01-28 00:00:00,2004-01-30 00:00:00,,57,,0,,,0,2004,
172,2,2004-12-23 00:00:00,,,55,,0,,,0,2004,
173,4,2002-01-28 00:00:00,,,55,,0,,,0,2002,
174,1,2004-01-29 00:00:00,2004-01-30 00:00:00,,12,,0,,,0,2004,
175,1,2004-01-30 00:00:00,2004-01-30 00:00:00,,74,,0,,,0,2004,
176,1,2004-02-06 00:00:00,2004-04-30 00:00:00,,66,,0,,,0,2004,
177,1,2004-01-29 00:00:00,2004-03-01 00:00:00,,75,,0,,,0,2004,
178,,2004-02-06 00:00:00,,,,,0,,,0,,
179,1,2003-12-08 00:00:00,2004-01-01 00:00:00,,42,12309,5,,,0,2004,
180,1,2004-02-16 00:00:00,2004-02-15 00:00:00,,76,25122,0,,,0,2004,
181,1,2004-02-16 00:00:00,,,31,,0,,,0,2004,
182,1,2004-02-16 00:00:00,2004-03-08 00:00:00,,35,293293,0,,,0,2004,
183,1,2004-02-16 00:00:00,2004-03-01 00:00:00,,77,293412,0,,,0,2004,
184,1,2004-02-17 00:00:00,2004-01-01 00:00:00,,43,,0,,,0,2004,
185,,2004-03-01 00:00:00,,,,,0,,,0,,
186,1,2004-03-01 00:00:00,2004-04-15 00:00:00,,65,32861,0,,,0,2004,
187,1,2004-03-08 00:00:00,,,50,,0,,,0,2004,
189,,2004-03-18 00:00:00,,,58,,0,,,0,,
190,1,2004-03-17 00:00:00,,,58,,0,,,0,2004,
191,,2004-03-17 00:00:00,,,79,,0,,,0,,
196,5,2006-01-18 00:00:00,,,80,,0,,,,,
197,,2004-03-24 00:00:00,,,0,,0,,,44.8,,
198,,2004-03-24 00:00:00,,,80,,0,,,0,,
199,1,2004-03-19 00:00:00,,,81,53155,0,,,0,2004,
200,,2004-04-11 00:00:00,,,50,,0,,,0,,
211,2,2004-12-23 00:00:00,,,21,,0,,,0,,
212,2,2004-12-27 00:00:00,,,53,,0,,,0,,
213,2,2004-12-25 00:00:00,,,19,,0,,,0,,
214,2,2004-12-23 00:00:00,,,18,,0,,,0,,
215,2,2004-12-23 00:00:00,,,72,,0,,,0,,
216,2,2004-12-27 00:00:00,,,4,,0,,,0,,
217,2,2004-12-18 00:00:00,,,1,,0,,,0,,
218,2,2004-12-20 00:00:00,,,14,,0,,,0,,
220,2,2004-12-20 00:00:00,,,3,,0,,,0,,
221,2,2004-08-20 00:00:00,,,9,41255 & 41253,0,,,0,,
223,2,2004-12-29 00:00:00,,,73,,0,,,0,,
224,2,2004-12-28 00:00:00,,,54,,0,,,0,,
225,5,2006-01-18 00:00:00,,,10,,0,,,0,,
226,5,2006-01-18 00:00:00,,,56,,0,,,0,,
227,2,2005-01-19 00:00:00,,,15,,0,,,0,,
228,2,2005-01-19 00:00:00,,,16,,0,,,0,,
229,2,2005-01-19 00:00:00,,,2,,0,,,0,,
230,2,2005-01-19 00:00:00,,,74,,0,,,0,,
231,2,2005-01-18 00:00:00,,,20,,0,,,0,,
232,5,2005-01-17 00:00:00,,,12,,0,,,0,,
233,2,2005-01-19 00:00:00,,,13,,0,,,0,,
234,2,2005-01-21 00:00:00,,,82,,0,,,0,,
235,2,2005-01-21 00:00:00,,,57,,0,,,0,,
236,0,,,,27,,0,,,0,,
237,5,2005-12-09 00:00:00,2006-03-13 00:00:00,,6,,0,,,0,,
238,2,2004-09-23 00:00:00,2005-02-28 00:00:00,,77,330859-00,0,,,0,,
239,2,2005-01-10 00:00:00,2005-02-28 00:00:00,,36,330181-00,0,,,0,,
240,2,2004-09-20 00:00:00,2005-02-28 00:00:00,,32,330201-00,0,,,0,,
241,2,2004-09-20 00:00:00,2005-02-28 00:00:00,,28,330210-00,0,,,0,,
242,5,2005-11-21 00:00:00,2006-03-06 00:00:00,,33,406939-00,0,,,0,,
243,2,2004-09-20 00:00:00,2005-02-28 00:00:00,,33,330198-00,0,,,0,,
244,2,2004-09-23 00:00:00,2005-02-28 00:00:00,,70,330858-00,0,,,0,,
245,5,2005-11-21 00:00:00,2006-03-06 00:00:00,,34,406945-00,0,,,0,,
246,2,2004-10-28 00:00:00,2005-03-07 00:00:00,,26,3/7/05,0,,,0,,
247,2,2004-10-28 00:00:00,2005-04-18 00:00:00,,26,4/18/05,0,,,0,,
248,5,2006-12-09 00:00:00,2006-05-01 00:00:00,,27,4072650,0,,,0,,
249,2,2005-01-10 00:00:00,2005-03-21 00:00:00,,0,,0,,,0,,
250,2,2005-02-03 00:00:00,,,0,,0,,,0,,
251,2,2004-09-24 00:00:00,2005-02-28 00:00:00,,25,44357,0,,,0,,
252,2,2004-09-24 00:00:00,2005-03-21 00:00:00,,25,44360,0,,,0,,
253,2,2004-11-18 00:00:00,2005-03-10 00:00:00,,29,,0,,,0,,
254,2,2005-01-15 00:00:00,2005-04-01 00:00:00,,31,,0,,,0,,
256,2,2005-01-25 00:00:00,,,66,,0,,,0,,
257,2,2005-01-26 00:00:00,2005-03-15 00:00:00,,,,0,,,0,,
258,2,2004-09-20 00:00:00,2005-03-28 00:00:00,,28,330215-00,0,,,0,,
259,2,2004-09-20 00:00:00,2005-03-21 00:00:00,,28,330218-00,0,,,0,,
260,2,2005-01-20 00:00:00,2005-04-01 00:00:00,,30,,0,,,0,,
261,2,2005-01-10 00:00:00,2005-03-21 00:00:00,,83,354151-00,0,,,0,,
262,2,2005-01-10 00:00:00,2005-03-21 00:00:00,,26,03/21/05,0,,,0,,
264,2,2004-11-23 00:00:00,2005-05-16 00:00:00,,85,345356-00,0,,,0,,
265,2,2005-11-22 00:00:00,2005-03-21 00:00:00,,28,345235-00,0,,,0,,
266,6,2006-11-20 00:00:00,2007-03-05 00:00:00,,36,468930,0,,,0,,
268,2,2004-10-28 00:00:00,2005-03-15 00:00:00,,86,,0,,,0,,
269,2,2005-01-26 00:00:00,2005-04-18 00:00:00,,84,28470,0,,,0,,
270,2,2005-02-02 00:00:00,2005-03-15 00:00:00,,75,,0,,,0,,
271,2,2005-01-26 00:00:00,2005-04-01 00:00:00,,65,49886,0,,,0,,
273,2,2004-11-22 00:00:00,2004-12-01 00:00:00,,44,18847,0,,,0,,
276,2,2004-12-20 00:00:00,2005-01-06 00:00:00,,81,104955,0,,,0,,
277,2,2004-12-25 00:00:00,2005-06-14 00:00:00,,43,A200301,0,,,0,,
279,5,2005-12-22 00:00:00,,,18,,0,,,0,,
280,5,2005-12-22 00:00:00,,,72,,0,,,0,,
281,5,2005-12-22 00:00:00,,,53,,0,,,0,,
282,5,2005-12-22 00:00:00,,,13,,0,,,0,,
283,5,2005-12-22 00:00:00,,,20,,0,,,0,,
284,5,2005-12-22 00:00:00,,,4,,0,,,0,,
285,5,,,,50,,0,,,0,,
286,5,2005-12-20 00:00:00,2005-12-30 00:00:00,,1,,0,,,0,,
287,5,2006-01-05 00:00:00,,,14,,0,,,0,,
288,5,2005-12-20 00:00:00,2006-01-09 00:00:00,,88,,0,,,0,,
290,5,2006-01-18 00:00:00,,,55,,0,,,0,,
291,5,2006-01-18 00:00:00,,,73,,0,,,0,,
292,5,2006-01-18 00:00:00,,,11,,0,,,0,,
293,5,2006-01-18 00:00:00,,,47,,0,,,0,,
294,5,2006-01-13 00:00:00,,,15,,0,,,0,,
295,5,2006-01-13 00:00:00,,,74,,0,,,0,,
296,5,2007-01-09 00:00:00,,,2,,0,,,0,,
297,5,2005-12-27 00:00:00,,,3,392312,0,,,0,,
298,5,2005-11-29 00:00:00,2006-03-06 00:00:00,,25,1711583,0,,,0,,
299,5,2006-01-26 00:00:00,2006-04-10 00:00:00,,59,222463,0,,,0,,
300,5,2006-01-26 00:00:00,2006-03-13 00:00:00,,59,224255,0,,,0,,
302,5,2006-01-26 00:00:00,2006-04-03 00:00:00,,59,222937,0,,,0,,
303,5,2006-01-26 00:00:00,2006-03-13 00:00:00,,59,222461,0,,,0,,
304,5,2005-11-29 00:00:00,2006-03-20 00:00:00,,89,,0,,,0,,
305,5,2005-11-29 00:00:00,2006-03-20 00:00:00,,90,,0,,,0,,
306,5,2005-11-29 00:00:00,2006-03-27 00:00:00,,25,1711582,0,,,0,,
307,5,2006-01-27 00:00:00,2006-04-03 00:00:00,,9,83096,0,,,0,,
308,5,2006-01-27 00:00:00,2006-03-13 00:00:00,,9,77461,0,,,0,,
309,5,2005-12-12 00:00:00,2006-03-15 00:00:00,,29,,0,,,0,,
310,5,2005-12-05 00:00:00,2006-04-17 00:00:00,,26,40495+44495,0,,,0,,
311,5,2006-01-27 00:00:00,2006-03-13 00:00:00,,26,3/13/2006 - 3/17/2006-44995,1,,,0,,
312,5,2005-12-01 00:00:00,2006-04-24 00:00:00,,26,,0,,,70.29,,
313,5,2005-11-21 00:00:00,2006-04-03 00:00:00,,28,406936-00,0,,,0,,
314,5,2005-11-21 00:00:00,2006-03-06 00:00:00,,33,406938-00,0,,,0,,
315,5,2005-11-21 00:00:00,2006-03-06 00:00:00,,70,406942-00,0,,,0,,
316,5,2005-11-21 00:00:00,2006-03-06 00:00:00,,28,406946-00,0,,,0,,
317,5,2005-11-21 00:00:00,2006-03-06 00:00:00,,36,406940-00,0,,,0,,
318,5,2006-01-27 00:00:00,2006-03-06 00:00:00,,32,406941,5,,,0,,
320,5,2005-11-21 00:00:00,2006-04-10 00:00:00,,36,406937,0,,,0,,
321,5,2005-11-21 00:00:00,2006-03-27 00:00:00,,28,406949,0,,,0,,
322,5,2006-02-06 00:00:00,,,91,T5119-00,0,,,0,,
323,5,2006-02-06 00:00:00,,,43,A235613,0,,,0,,
324,5,2006-02-06 00:00:00,,,92,,0,,,0,,
325,5,2006-02-06 00:00:00,2006-04-03 00:00:00,,77,406948,0,,,0,,
326,5,2006-02-06 00:00:00,2006-03-06 00:00:00,,77,406947,0,,,0,,
327,5,,2006-03-06 00:00:00,,36,418627,0,,,0,,
328,5,,2006-04-10 00:00:00,,36,418628,0,,,0,,
329,5,2006-02-13 00:00:00,2006-03-15 00:00:00,,84,51851,0,,,0,,
330,5,2006-02-09 00:00:00,2006-04-15 00:00:00,,31,,0,,,0,,
331,5,2006-02-08 00:00:00,2006-04-03 00:00:00,,93,422905,0,,,0,,
332,5,2006-02-02 00:00:00,2006-04-15 00:00:00,,30,,0,,,0,,
333,5,2006-02-17 00:00:00,2006-04-01 00:00:00,,86,,0,,,0,,
334,5,2006-02-10 00:00:00,2006-03-20 00:00:00,,94,,0,,,0,,
335,5,2006-02-11 00:00:00,2006-03-20 00:00:00,,35,,0,,,0,,
336,5,2006-02-10 00:00:00,2006-02-16 00:00:00,,95,,0,,,0,,
337,5,2006-02-24 00:00:00,2006-04-03 00:00:00,,65,,0,,,0,,
338,5,2006-02-27 00:00:00,2006-04-15 00:00:00,,59,264585,0,,Water Plant Order,0,,
339,5,2005-11-22 00:00:00,2006-05-15 00:00:00,,85,,0,,,0,,
340,5,2005-11-14 00:00:00,2005-11-14 00:00:00,,96,,0,,,0,,
341,6,2006-12-15 00:00:00,2007-03-12 00:00:00,,9,106099,0,,Clematis Helios ordered but cancelled due to crop failure; geranium Orkney Cherry sold out; hosta Gingko Craig sold out,0,,
342,6,2006-12-26 00:00:00,,,14,,0,,,0,,
343,4,2002-11-20 00:00:00,,,3,468936-00,1,,,0,,
344,6,2006-12-12 00:00:00,2007-04-09 00:00:00,,26,2,0,,,0,,
345,6,2006-11-06 00:00:00,2007-03-13 00:00:00,,26,1,0,,,0,,
346,6,2006-11-06 00:00:00,2007-04-16 00:00:00,,26,3,5,,,0,,
347,6,2006-12-22 00:00:00,2007-03-26 00:00:00,,77,474094,0,,,0,,
348,6,2006-11-20 00:00:00,2007-04-02 00:00:00,,28,468922,5,,,0,,
349,6,2006-11-20 00:00:00,2007-04-09 00:00:00,,36,468907,1,,,0,,
350,6,2006-11-20 00:00:00,2007-04-09 00:00:00,,28,468911,1,,,0,,
351,6,2006-11-29 00:00:00,2007-03-05 00:00:00,,36,468928,6,,,0,,
353,6,2006-11-20 00:00:00,2007-03-12 00:00:00,,34,468933,1,,,0,,
354,6,2006-11-20 00:00:00,2007-03-05 00:00:00,,28,468926,5,,,0,,
355,6,2006-11-20 00:00:00,2007-03-12 00:00:00,,97,468913,1,,,0,,
356,6,2006-12-04 00:00:00,2007-03-05 00:00:00,,32,468942,5,,,0,,
358,6,2006-11-20 00:00:00,2007-03-05 00:00:00,,98,468934,1,,,0,,
359,6,2007-01-07 00:00:00,2007-01-01 00:00:00,,53,,3,,,0,,
360,6,2007-01-10 00:00:00,,,2,,0,,Price really in pounds,0,,
361,6,2007-01-08 00:00:00,,,15,,0,,,0,,
362,6,2006-12-20 00:00:00,2007-01-07 00:00:00,,1,,0,,,0,,
363,4,,,,3,,0,,,0,,
364,6,2006-12-29 00:00:00,,,3,476271,0,,SEED ORDER,0,,
365,6,2006-01-11 00:00:00,,,88,2094216,0,,,0,,
366,6,2006-12-19 00:00:00,,,12,,0,,,0,,
367,6,2006-12-26 00:00:00,,,74,,0,,,0,,
368,6,2006-12-26 00:00:00,,,72,,0,,,0,,
369,5,2007-01-15 00:00:00,,,4,,0,,,0,,
370,6,2006-12-26 00:00:00,,,4,,0,,,0,,
371,6,2006-12-26 00:00:00,,,20,,0,,,0,,
373,6,2006-12-27 00:00:00,,,18,,0,,,0,,
374,4,2006-12-26 00:00:00,,,3,,0,,,0,,
375,6,2006-12-20 00:00:00,,,99,,0,,,0,,
376,6,2006-11-20 00:00:00,2007-03-05 00:00:00,,98,468935,0,,,0,,
377,6,2006-11-20 00:00:00,2007-03-26 00:00:00,,28,468914,0,,,0,,
378,6,2006-12-11 00:00:00,2007-03-26 00:00:00,,25,2065502,0,,,0,,
379,6,2006-12-11 00:00:00,2007-03-05 00:00:00,,25,206559,5,,,0,,
380,6,2006-12-05 00:00:00,2007-04-09 00:00:00,,25,2065597,1,,,0,,
381,6,2006-12-11 00:00:00,2007-03-26 00:00:00,,90,2065429,0,,,0,,
382,6,2006-11-20 00:00:00,2007-04-30 00:00:00,,27,468936,1,,,0,,
383,5,2007-01-25 00:00:00,,,59,,0,,,0,,
384,6,2006-11-27 00:00:00,2007-03-12 00:00:00,,59,434253,0,,,841.74,,
386,6,2007-01-25 00:00:00,,,31,,0,,,0,,
387,6,2006-08-15 00:00:00,2007-04-02 00:00:00,,59,363916,0,,,0,,
388,6,2006-08-15 00:00:00,2007-03-12 00:00:00,,59,363915,0,,,0,,
389,6,2007-01-23 00:00:00,2007-04-16 00:00:00,,59,470535,0,,Water Plant Order,0,,
390,6,2006-11-27 00:00:00,2007-03-26 00:00:00,,6,315070,0,,,0,,
391,6,2006-11-28 00:00:00,2007-03-26 00:00:00,,6,315170,1,,,0,,
392,6,2006-11-16 00:00:00,2007-04-09 00:00:00,,9,106102,,,,0,,
393,6,2006-12-08 00:00:00,2007-04-16 00:00:00,,100,,0,,,0,,
394,6,2007-01-09 00:00:00,2007-03-15 00:00:00,,86,,0,,,0,,
395,6,2006-10-25 00:00:00,2007-03-19 00:00:00,,6,313683,5,,,0,,
396,6,2007-01-22 00:00:00,2007-03-19 00:00:00,,88,2123638,0,,coming with greenleaf order # 313683,0,,
397,6,2007-02-12 00:00:00,2007-04-30 00:00:00,,66,,2,,,0,,
398,6,2007-01-25 00:00:00,2007-03-26 00:00:00,,35,,1,,,0,,
400,6,2007-01-25 00:00:00,2007-03-19 00:00:00,,94,,1,,,0,,
401,6,2006-12-07 00:00:00,2007-03-15 00:00:00,,29,,0,,,0,,
402,6,2007-01-25 00:00:00,2007-03-12 00:00:00,,30,2131385,1,,,0,,
403,6,2007-02-22 00:00:00,2007-04-09 00:00:00,,93,,0,,Perhaps splitting some with Ann Loeffler.,0,,
404,6,2007-01-24 00:00:00,2007-04-29 00:00:00,,101,108989,,,,0,,
405,6,2007-01-25 00:00:00,2007-03-05 00:00:00,,102,71049,0,,,0,,
406,6,2007-03-13 00:00:00,2007-03-13 00:00:00,,50,1,5,,,0,,
407,6,2007-04-02 00:00:00,,,50,2,0,,"From pooh's notebook - starting 3/12 - 1 pg complete 4/2   - meg
3/15, 3/16, 3/20, 3/23 entries complete 4/11 - meg
3/26, 4/12, 4/18, 3/28, 3/29, 4/6 entries complete 4/19 - meg",0,,
408,7,2007-10-29 00:00:00,2008-03-17 00:00:00,,9,135207,0,,,0,,
409,7,2007-10-29 00:00:00,2008-04-07 00:00:00,,9,135206,0,,,0,,
410,6,2007-10-31 00:00:00,2008-04-07 00:00:00,,84,0000593060,0,,,0,,
412,7,2007-08-30 00:00:00,2008-04-07 00:00:00,,59,593060,0,,,0,,
413,7,2007-08-30 00:00:00,2008-03-10 00:00:00,,59,593025,0,,,0,,
414,6,2007-09-18 00:00:00,2008-04-20 00:00:00,,101,115998,0,,,0,,
415,6,2007-11-06 00:00:00,2008-05-14 00:00:00,,27,,0,,This is a rough order- nothing definite.,0,,
416,6,2007-11-06 00:00:00,,,26,,0,,,0,,
417,6,2007-11-06 00:00:00,2008-03-12 00:00:00,,26,,0,,,0,,
418,6,2007-11-06 00:00:00,2008-03-10 00:00:00,,103,,0,,,0,,
419,7,2007-12-04 00:00:00,2008-03-17 00:00:00,,6,336754,0,,,0,,
420,7,2007-12-06 00:00:00,,,14,,0,,,0,,
421,7,2007-12-06 00:00:00,,,72,,0,,,0,,
422,8,2008-12-06 00:00:00,,,3,,0,,,0,,
423,7,2007-12-10 00:00:00,,,88,,0,,,0,,
424,7,2007-12-10 00:00:00,,,4,,0,,,0,,
425,7,2007-12-11 00:00:00,,,18,,0,,,0,,
426,7,2007-12-11 00:00:00,,,2,,0,,,0,,
427,7,2007-12-11 00:00:00,,,74,,0,,,0,,
428,7,2007-12-11 00:00:00,,,20,,0,,,0,,
429,7,2007-12-11 00:00:00,,,12,,0,,,0,,
430,7,2007-12-11 00:00:00,,,53,,0,,,0,,
431,7,2007-12-11 00:00:00,,,15,,0,,,0,,
432,7,2007-12-11 00:00:00,,,13,,0,,,0,,
433,6,2007-12-21 00:00:00,,,59,,0,,,0,,
434,7,2007-12-21 00:00:00,2008-04-21 00:00:00,,59,706193,0,,,0,,
435,7,2008-01-03 00:00:00,,,102,,0,,,0,,
436,7,2008-01-03 00:00:00,,,104,,0,,,0,,
437,7,,,,100,,0,,,0,,
438,7,2008-01-04 00:00:00,,,105,,0,,,0,,
439,7,2007-10-30 00:00:00,2008-03-24 00:00:00,,77,524919,0,,,0,,
440,7,2007-10-30 00:00:00,2008-03-10 00:00:00,,69,524921,0,,,0,,
441,7,2007-10-30 00:00:00,2008-03-24 00:00:00,,28,524918,0,,,0,,
442,7,2007-11-21 00:00:00,2008-05-05 00:00:00,,27,530030,0,,,0,,
443,7,2007-10-30 00:00:00,2008-03-03 00:00:00,,36,524931,0,,Still needs new things to be entered….,0,,
444,7,2008-10-30 00:00:00,2008-03-03 00:00:00,,36,524928,0,,,0,,
445,7,2007-10-30 00:00:00,2008-03-03 00:00:00,,98,524947,0,,,0,,
446,7,2007-10-30 00:00:00,2008-03-03 00:00:00,,98,524925,0,,,0,,
447,7,2008-10-30 00:00:00,2008-03-03 00:00:00,,28,524923,5,,,0,,
448,7,2007-10-30 00:00:00,2008-03-03 00:00:00,,69,524914,0,,,0,,
449,7,2007-10-30 00:00:00,2008-03-10 00:00:00,,34,524922,0,,,0,,
450,7,2007-10-30 00:00:00,2008-04-07 00:00:00,,28,524916,0,,,0,,
451,7,2007-11-21 00:00:00,2008-04-07 00:00:00,,30,530033,0,,,0,,
452,7,2007-10-30 00:00:00,2008-03-24 00:00:00,,35,524920,0,,,0,,
453,7,2007-11-26 00:00:00,2008-03-03 00:00:00,,25,2375249,0,,,0,,
454,7,2007-11-26 00:00:00,2008-03-24 00:00:00,,25,2375508,0,,,0,,
455,7,2007-11-07 00:00:00,2008-03-24 00:00:00,,90,2375528,0,,,0,,
456,7,2008-01-11 00:00:00,2008-03-10 00:00:00,,25,2460780,0,,,0,,
457,7,2007-12-10 00:00:00,2008-03-10 00:00:00,,30,2375507,0,,,0,,
458,7,2007-11-20 00:00:00,2008-03-15 00:00:00,,29,,0,,,0,,
459,7,2007-11-21 00:00:00,2008-03-10 00:00:00,,26,1,0,,,0,,
460,7,2008-01-11 00:00:00,2008-03-10 00:00:00,,120,2460811,0,,,0,,
461,7,2007-12-10 00:00:00,2008-03-10 00:00:00,,181,2418401,0,,,0,,
462,7,2007-11-21 00:00:00,2008-06-09 00:00:00,,25,49782,0,,,0,,
463,7,2007-12-04 00:00:00,2008-04-21 00:00:00,,181,2418402,0,,,0,,
464,7,2007-12-06 00:00:00,2008-03-24 00:00:00,,6,336757,0,,,0,,
465,7,2007-09-19 00:00:00,2008-04-20 00:00:00,,101,115998,0,,,0,,
466,7,2007-12-07 00:00:00,2008-03-24 00:00:00,,93,,0,,,0,,
467,8,2008-12-05 00:00:00,2009-03-16 00:00:00,,59,1026736,0,,,0,,
468,8,2008-12-06 00:00:00,2009-04-01 00:00:00,,86,,0,,Set up ship date.,0,,
469,7,2008-10-21 00:00:00,,,98,,0,,,0,,
470,8,2008-10-21 00:00:00,2009-03-02 00:00:00,,98,,0,,Add 1 more tray so we have  an even 6 trays to ship ASAP! 11/26,0,,
471,8,2008-10-21 00:00:00,2009-03-02 00:00:00,,36,579207-00,0,,,0,,
472,7,2008-10-21 00:00:00,,,36,,0,,,0,,
473,8,2008-10-21 00:00:00,2009-03-02 00:00:00,,36,579208-00,0,,,0,,
474,8,2008-10-21 00:00:00,2009-03-03 00:00:00,,28,579203-00,0,,"Try putting 2 tapien blue-vilolet plugs in 8"" hanger…",0,,
476,8,2008-10-21 00:00:00,2009-03-02 00:00:00,,183,579204-00,0,,,0,,
477,8,2008-10-21 00:00:00,2009-03-02 00:00:00,,25,2721197,0,,move order later? Check with steve stanley.,0,,
478,8,2008-10-21 00:00:00,2009-03-09 00:00:00,,34,579202-00,0,,,0,,
479,8,2008-10-21 00:00:00,2009-03-09 00:00:00,,30,2721194,0,,,0,,
480,8,2008-09-28 00:00:00,2009-03-16 00:00:00,,26,,0,,,0,,
481,8,2008-10-21 00:00:00,2009-03-16 00:00:00,,29,,0,,,0,,
482,7,2008-10-21 00:00:00,,,77,,0,,,0,,
483,9,2009-11-05 00:00:00,2010-03-23 00:00:00,,77,634407,0,,,0,,
484,8,2008-10-21 00:00:00,2009-03-23 00:00:00,,28,579209-00,0,,,0,,
485,8,2008-10-21 00:00:00,2009-03-23 00:00:00,,35,579175-00,0,,,0,,
486,8,2008-10-22 00:00:00,2009-03-23 00:00:00,,25,2721199,0,,,0,,
487,8,2008-10-22 00:00:00,2009-03-24 00:00:00,,90,2721192,0,,,0,,
488,8,2008-11-26 00:00:00,2009-03-02 00:00:00,,183,579206-00,0,,,0,,
489,8,2008-11-26 00:00:00,2009-04-06 00:00:00,,30,579169,0,,,0,,
490,8,2008-11-26 00:00:00,2009-04-06 00:00:00,,28,579172-00,0,,,0,,
491,8,2008-12-01 00:00:00,2009-03-09 00:00:00,,181,2721196,0,,,0,,
492,8,2008-12-01 00:00:00,2009-04-20 00:00:00,,181,2721198,0,,,0,,
493,8,2008-12-01 00:00:00,2009-04-06 00:00:00,,181,2721195,0,,,0,,
494,8,2008-12-02 00:00:00,2009-04-06 00:00:00,,181,2721193,0,,,0,,
495,8,2008-12-11 00:00:00,,,2,,0,,,0,,
496,8,2008-12-11 00:00:00,,,74,,0,,,0,,
497,8,2008-12-11 00:00:00,,,20,,0,,,0,,
498,8,2008-12-11 00:00:00,,,18,,0,,,0,,
499,8,2008-12-11 00:00:00,,,12,,0,,,0,,
500,8,2008-12-11 00:00:00,,,72,,0,,,0,,
501,8,2008-12-11 00:00:00,,,15,,0,,,0,,
503,8,2008-12-11 00:00:00,,,53,,0,,,0,,
504,8,2008-12-11 00:00:00,,,88,,0,,,0,,
505,8,2008-12-11 00:00:00,,,14,,0,,,0,,
510,8,2008-12-05 00:00:00,2009-03-23 00:00:00,,5,349922,0,,This order is through Greenleaf/Yoder.,0,,
511,8,2008-12-05 00:00:00,2009-04-13 00:00:00,,5,349923,0,,Brokered through Greenleaf/Yoder,0,,
512,8,2008-12-05 00:00:00,2009-03-16 00:00:00,,184,349907,0,,Brokered through Yoder/Greenleaf.,0,,
513,8,2008-12-05 00:00:00,2009-04-20 00:00:00,,27,349932,0,,,0,,
515,8,2008-12-16 00:00:00,2009-03-16 00:00:00,,27,349926,0,,,0,,
516,8,2008-12-16 00:00:00,2009-03-18 00:00:00,,93,24135,0,,,0,,
518,8,2009-01-07 00:00:00,,,105,,0,,,0,,
519,8,2008-12-08 00:00:00,2009-05-11 00:00:00,,93,29078,0,,,0,,
521,8,2009-01-07 00:00:00,2009-03-16 00:00:00,,9,170394,0,,,0,,
522,8,2009-01-07 00:00:00,2009-04-06 00:00:00,,9,170395,0,,,0,,
524,8,2008-12-10 00:00:00,2009-04-13 00:00:00,,59,1033233,0,,possibly up order to lessen freight charge???,0,,
525,8,2008-10-20 00:00:00,2009-03-16 00:00:00,,59,969879,0,,need to add stuff from order into computer 1/6/09,0,,
526,8,2009-10-20 00:00:00,2009-04-06 00:00:00,,59,969876,0,,,0,,
527,8,2009-01-23 00:00:00,2009-05-04 00:00:00,,27,592906 mum,0,,,0,,
528,8,2008-12-01 00:00:00,,,55,,0,,,0,,
529,8,2009-02-13 00:00:00,2009-03-30 00:00:00,,9,174679,0,,,0,,
530,8,2008-12-20 00:00:00,,,80,66525,0,,,0,,
531,8,2008-12-18 00:00:00,,,73,294440 SO,0,,,0,,
533,8,2008-12-27 00:00:00,,,56,,0,,,0,,
535,8,2008-12-18 00:00:00,,,185,,0,,,0,,
536,8,2008-12-15 00:00:00,,,11,,0,,,0,,
537,8,2008-12-15 00:00:00,,,10,,0,,,0,,
538,8,2009-03-02 00:00:00,2009-03-09 00:00:00,,181,2813837,0,,,0,,
540,8,2009-03-02 00:00:00,2009-06-15 00:00:00,,25,2793328,0,,,0,,
541,8,2009-02-12 00:00:00,,,186,,0,,,0,,
542,8,2008-12-18 00:00:00,,,54,,0,,,0,,
543,8,2008-12-18 00:00:00,,,46,,0,,,0,,
544,8,2008-12-20 00:00:00,,,57,,0,,,0,,
545,8,2009-03-17 00:00:00,,,100,,0,,,0,,
546,9,2009-11-20 00:00:00,2010-03-15 00:00:00,,86,,0,,,0,,
549,9,2009-11-20 00:00:00,2010-03-26 00:00:00,,93,,0,,,0,,
550,10,2010-12-06 00:00:00,2011-04-04 00:00:00,,9,214882-2,0,,,,,
551,9,2009-10-02 00:00:00,2010-03-22 00:00:00,,9,200115,0,,,0,,
552,9,2009-11-24 00:00:00,2010-04-12 00:00:00,,9,200142,0,,,0,,
554,9,2009-11-24 00:00:00,2010-03-22 00:00:00,,187,PO-15061,0,,,0,,
555,10,2010-10-24 00:00:00,2011-03-21 00:00:00,,187,SI-69414,0,,,,,
556,9,2009-11-24 00:00:00,2010-04-05 00:00:00,,187,SI-61822,0,,,0,,
557,9,2009-12-01 00:00:00,2010-03-29 00:00:00,,5,3073108,0,,,0,,
558,9,2009-12-01 00:00:00,2010-04-05 00:00:00,,6,3073109,0,,,0,,
559,9,2009-12-01 00:00:00,2010-03-22 00:00:00,,6,3073110,0,,,0,,
560,9,2009-11-20 00:00:00,2010-04-01 00:00:00,,86,V01010871,0,,,0,,
561,9,2009-11-05 00:00:00,2010-03-22 00:00:00,,35,634408,0,,,0,,
562,9,2009-11-05 00:00:00,2010-04-05 00:00:00,,28,634410,0,,,0,,
564,9,2009-11-05 00:00:00,2010-03-22 00:00:00,,28,634115,0,,,0,,
565,9,2010-11-05 00:00:00,2010-03-08 00:00:00,,34,634404,0,,,0,,
566,9,2009-11-05 00:00:00,2010-03-01 00:00:00,,36,634400,0,,,0,,
567,9,2009-11-05 00:00:00,2010-03-01 00:00:00,,98,634397,0,,,0,,
568,9,2009-11-05 00:00:00,2010-03-01 00:00:00,,36,634399,0,,,0,,
569,9,2009-12-03 00:00:00,2010-05-08 00:00:00,,50,1,0,,,0,,
570,9,2009-11-05 00:00:00,2010-03-01 00:00:00,,28,634402,0,,,0,,
571,9,2009-11-05 00:00:00,2010-04-05 00:00:00,,30,634413,0,,,0,,
573,9,2009-07-30 00:00:00,2010-03-01 00:00:00,,189,616748,0,,,0,,
574,9,2009-10-29 00:00:00,2010-03-15 00:00:00,,26,,0,,,0,,
575,9,2009-11-16 00:00:00,2010-04-05 00:00:00,,181,3057587,0,,,0,,
576,9,2009-11-16 00:00:00,2010-03-22 00:00:00,,90,3057580,0,,,0,,
578,9,2009-11-06 00:00:00,2010-04-04 00:00:00,,181,3057581,0,,,0,,
579,9,2009-11-06 00:00:00,2010-03-08 00:00:00,,30,3057583,0,,,0,,
580,9,2009-11-16 00:00:00,2010-04-19 00:00:00,,181,3057585,0,,,0,,
581,9,2009-11-06 00:00:00,2010-03-08 00:00:00,,181,3057586,0,,,0,,
582,9,2009-11-16 00:00:00,2010-03-08 00:00:00,,181,3057582,0,,,0,,
583,9,2009-11-16 00:00:00,2010-03-01 00:00:00,,25,3057584,0,,,0,,
584,9,2009-11-16 00:00:00,2010-03-22 00:00:00,,25,3057588,0,,,0,,
585,9,2009-12-14 00:00:00,2010-05-05 00:00:00,,100,,0,,,0,,
586,9,2009-12-19 00:00:00,2010-01-01 00:00:00,,14,,0,,,0,,
587,9,2009-12-19 00:00:00,,,88,,0,,,,,
588,9,2009-12-22 00:00:00,,,3,,0,,,,,
589,9,2009-12-22 00:00:00,,,2,,0,,,0,,
590,9,2009-12-22 00:00:00,,,20,,0,,,0,,
591,9,2009-12-22 00:00:00,,,72,,0,,,0,,
592,9,2009-12-22 00:00:00,,,74,,0,,,0,,
593,9,2009-12-22 00:00:00,,,15,,0,,,,,
594,9,2009-12-22 00:00:00,,,18,,0,,,,,
595,9,2009-12-22 00:00:00,,,12,,0,,,0,,
596,9,2009-12-22 00:00:00,,,53,,0,,,0,,
597,9,2009-12-22 00:00:00,,,13,,0,,,0,,
598,9,2009-12-22 00:00:00,2010-05-05 00:00:00,,105,,0,,,0,,
599,9,2010-01-07 00:00:00,,,102,,0,,,0,,
600,9,2010-01-11 00:00:00,2010-03-01 00:00:00,,190,644760,0,,,0,,
601,9,2010-12-21 00:00:00,2010-03-16 00:00:00,,29,,0,,,0,,
602,9,2010-01-19 00:00:00,2010-04-12 00:00:00,,59,,0,,water plant order,0,,
603,9,2010-01-19 00:00:00,2010-04-15 00:00:00,,191,,0,,,0,,
604,10,2010-11-28 00:00:00,,,191,,0,,,,,
605,9,2009-12-28 00:00:00,,,80,,0,,,0,,
606,9,2009-12-28 00:00:00,,,46,851515*1,0,,,0,,
608,9,2009-12-28 00:00:00,,,192,,0,,,0,,
609,9,2010-01-21 00:00:00,,,19,,0,,,0,,
610,9,2009-12-28 00:00:00,,,73,,0,,,0,,
611,9,2009-12-28 00:00:00,,,55,,0,,,0,,
612,9,2010-01-10 00:00:00,2010-05-03 00:00:00,,189,644764,0,,,0,,
613,9,2009-12-28 00:00:00,,,4,,0,,,0,,
615,9,2009-12-28 00:00:00,,,10,,0,,,0,,
616,9,2009-12-28 00:00:00,,,11,,0,,,0,,
617,9,2010-02-17 00:00:00,,,185,,0,,,0,,
618,9,2010-11-04 00:00:00,,,190,,0,,,0,,
619,10,2010-10-29 00:00:00,2011-02-28 00:00:00,,190,682413,0,,,,,
620,10,2010-11-04 00:00:00,2011-02-28 00:00:00,,28,682416,0,,,0,,
621,11,2010-11-04 00:00:00,2012-03-05 00:00:00,,34,732639-00,0,,,0,,
622,10,2010-11-04 00:00:00,2011-03-21 00:00:00,,35,682403,0,,,,,
623,10,2010-11-04 00:00:00,2011-02-28 00:00:00,,98,682353,0,,,0,,
624,10,2010-11-04 00:00:00,2011-02-28 00:00:00,,36,682347,0,,,0,,
625,10,2010-11-04 00:00:00,2011-04-04 00:00:00,,30,682364,0,,,,,
626,10,2010-11-04 00:00:00,2011-04-04 00:00:00,,28,682355,0,,,0,,
627,10,2010-11-04 00:00:00,2011-02-28 00:00:00,,36,682352,0,,,0,,
628,10,2010-11-04 00:00:00,2011-03-21 00:00:00,,28,682368,0,,,0,,
629,10,2010-11-08 00:00:00,2011-03-21 00:00:00,,9,214882-1,0,,,,,
630,10,2010-11-08 00:00:00,2011-03-21 00:00:00,,187,SI-69890,0,,Also found from Donahue as Order # PO15484,,,
631,10,2010-11-08 00:00:00,,,0,,0,,,0,,
632,10,2010-11-23 00:00:00,2011-03-21 00:00:00,,86,VO116015,0,,,,,
633,10,2010-11-29 00:00:00,2011-04-01 00:00:00,,86,VO115926,0,,,,,
634,10,2010-11-24 00:00:00,2011-04-01 00:00:00,,86,VO116017,0,,,,,
635,10,2010-12-06 00:00:00,2011-03-21 00:00:00,,6,3418585,0,,,,,
637,10,2010-11-24 00:00:00,2011-05-05 00:00:00,,100,,0,,,,,
638,10,2010-09-28 00:00:00,2011-04-04 00:00:00,,187,SI-69415,0,,,,,
639,10,2010-11-29 00:00:00,,,88,,0,,,0,,
640,10,2010-11-29 00:00:00,,,14,,0,,,,,
641,10,2010-11-29 00:00:00,,,2,,0,,,,,
642,10,2010-11-29 00:00:00,,,20,,0,,,0,,
643,10,2010-11-29 00:00:00,,,72,,0,,,,,
644,10,2010-11-29 00:00:00,,,74,,0,,,0,,
645,10,2010-11-29 00:00:00,,,12,,0,,,0,,
646,10,2010-11-29 00:00:00,,,18,,0,,,0,,
647,10,2010-11-30 00:00:00,,,3,,0,,,,,
648,10,2010-11-30 00:00:00,,,53,,0,,,0,,
649,10,2010-11-30 00:00:00,,,13,,0,,,0,,
650,10,2010-11-30 00:00:00,,,15,,0,,,,,
651,10,2010-12-01 00:00:00,2011-04-11 00:00:00,,187,SI-69416,0,,,,,
652,10,2010-12-02 00:00:00,,,93,,0,,,,,
653,10,2010-07-28 00:00:00,2011-03-07 00:00:00,,189,666995,0,,,,,
654,10,2010-12-06 00:00:00,2011-04-05 00:00:00,,6,3418584,0,,,,,
655,10,2010-12-06 00:00:00,2011-04-11 00:00:00,,9,214882-3,0,,,0,,
656,10,2010-10-25 00:00:00,2011-03-14 00:00:00,,26,,0,,,0,,
657,10,2010-12-06 00:00:00,2011-03-15 00:00:00,,29,,0,,,,,
658,10,2010-12-06 00:00:00,2011-04-18 00:00:00,,181,3382751,0,,,0,,
659,10,2010-12-06 00:00:00,2011-03-07 00:00:00,,181,3380823,0,,,0,,
660,10,2010-12-07 00:00:00,2011-03-28 00:00:00,,5,3380816,0,,,0,,
661,10,2010-12-07 00:00:00,2011-04-12 00:00:00,,59,,0,,,,,
662,10,2010-12-07 00:00:00,2011-05-02 00:00:00,,189,689912,0,,,0,,
663,10,2010-12-07 00:00:00,2011-04-01 00:00:00,,102,,0,,,0,,
664,10,2010-12-07 00:00:00,2011-03-07 00:00:00,,181,3380814,0,,,,,
666,10,2010-12-08 00:00:00,2011-03-07 00:00:00,,30,3380815,0,,,0,,
667,10,2010-12-08 00:00:00,2011-02-28 00:00:00,,25,3380854,0,,,0,,
668,10,2010-12-08 00:00:00,2011-03-21 00:00:00,,25,3380855,0,,,0,,
669,10,2010-12-08 00:00:00,2011-04-05 00:00:00,,181,3382750,0,,,0,,
670,10,2010-12-09 00:00:00,,,105,,0,,,,,
671,10,2010-12-09 00:00:00,2011-04-04 00:00:00,,193,689908,0,,,0,,
672,10,2010-12-09 00:00:00,2011-03-21 00:00:00,,193,689910,0,,,0,,
673,10,2011-01-07 00:00:00,2011-04-04 00:00:00,,181,3418613,0,,,0,,
674,10,,2011-04-04 00:00:00,,181,3418614,0,,,0,,
675,10,2010-11-10 00:00:00,2011-03-15 00:00:00,,86,VO115899,0,,,,,
676,10,2011-01-19 00:00:00,2011-01-19 00:00:00,,80,,0,,,0,,
677,10,2011-01-24 00:00:00,2011-04-11 00:00:00,,5,3416356,0,,,0,,
678,10,2011-01-24 00:00:00,2011-05-30 00:00:00,,25,3466276,0,,,0,,
679,10,2011-03-01 00:00:00,2011-03-07 00:00:00,,194,700603,0,,,0,,
680,10,2011-01-11 00:00:00,,,80,,0,,,0,,
681,10,2010-12-18 00:00:00,,,1,,0,,,0,,
682,10,2010-12-22 00:00:00,,,55,,0,,,0,,
683,10,2011-03-04 00:00:00,2011-03-07 00:00:00,,195,701323,0,,,0,,
684,10,2011-03-04 00:00:00,,,196,,0,,,,,
685,10,2010-12-30 00:00:00,,,11,,0,,,0,,
686,10,2010-12-28 00:00:00,,,73,,0,,,0,,
687,10,2010-12-18 00:00:00,,,10,,0,,,0,,
688,10,2010-12-20 00:00:00,,,4,,0,,,0,,
690,10,2010-12-20 00:00:00,,,197,,0,,,0,,
691,7,,,,0,,0,,,0,,
692,11,2011-11-11 00:00:00,,,0,,0,,,0,,
693,11,2011-11-11 00:00:00,2012-03-05 00:00:00,,28,732516-00,0,,,0,,
694,11,2011-11-11 00:00:00,2012-03-05 00:00:00,,98,713869-00,0,,,0,,
695,11,2011-11-11 00:00:00,2012-03-05 00:00:00,,36,732637-00,0,,,0,,
696,10,2011-11-11 00:00:00,,,36,,0,,,0,,
697,11,2011-11-11 00:00:00,2012-03-05 00:00:00,,36,732517-00,0,,,0,,
698,11,2011-11-11 00:00:00,2012-03-05 00:00:00,,25,732512-00,0,,,0,,
699,11,2011-11-11 00:00:00,2012-03-05 00:00:00,,189,713870-00,0,,,0,,
700,11,2011-11-11 00:00:00,2012-03-12 00:00:00,,181,3715890,0,,,0,,
701,11,2011-11-11 00:00:00,,,181,,0,,,0,,
702,11,2011-11-11 00:00:00,2012-03-05 00:00:00,,30,3715854,0,,,0,,
703,11,2011-10-28 00:00:00,2012-03-12 00:00:00,,26,1,0,,,0,,
704,11,2011-11-11 00:00:00,2012-03-19 00:00:00,,35,732640-00,0,,,0,,
705,11,2011-11-14 00:00:00,2012-03-19 00:00:00,,28,732515-00,0,,,0,,
707,11,2011-11-14 00:00:00,2012-03-19 00:00:00,,25,732511-00,0,,,0,,
708,11,2011-11-15 00:00:00,2012-03-19 00:00:00,,193,732643-00,0,,,0,,
709,11,2011-11-15 00:00:00,2012-03-26 00:00:00,,5,3716793,0,,,0,,
710,11,2011-11-15 00:00:00,2012-04-01 00:00:00,,86,VO-125140,0,,,0,,
711,11,2011-11-15 00:00:00,2012-04-02 00:00:00,,30,732513-00,0,,,0,,
712,11,2011-11-15 00:00:00,2012-04-02 00:00:00,,28,732514-00,0,,,0,,
713,11,2011-11-15 00:00:00,2012-04-02 00:00:00,,193,732641-00,0,,,0,,
714,10,2011-11-15 00:00:00,,,181,,0,,,0,,
715,11,2011-11-15 00:00:00,2012-04-09 00:00:00,,181,3716890,0,,,0,,
716,11,2011-11-15 00:00:00,2012-04-09 00:00:00,,181,3716891,0,,,0,,
717,11,2011-11-15 00:00:00,2012-04-09 00:00:00,,181,3716932,0,,,0,,
718,10,2011-11-15 00:00:00,,,189,,0,,,0,,
719,11,2011-11-15 00:00:00,2012-05-01 00:00:00,,189,741024,0,,,0,,
722,11,2011-11-29 00:00:00,2012-03-26 00:00:00,,25,3715961,0,,,0,,
723,11,2011-11-22 00:00:00,2012-04-04 00:00:00,,187,SI-76773,0,,,0,,
725,11,2011-11-22 00:00:00,2012-03-21 00:00:00,,187,SI-76772,0,,,0,,
727,11,2011-12-03 00:00:00,2012-03-19 00:00:00,,25,3715962,0,,,0,,
728,11,2011-12-05 00:00:00,2012-03-19 00:00:00,,6,3716206,0,,,0,,
730,11,2011-12-13 00:00:00,,,14,,0,,,0,,
731,11,2011-12-13 00:00:00,,,196,,0,,,,,
732,11,2011-12-13 00:00:00,,,88,,0,,,0,,
733,11,2011-12-13 00:00:00,,,3,,0,,,0,,
734,11,2011-12-13 00:00:00,,,74,,0,,,0,,
735,11,2011-12-19 00:00:00,,,18,,0,,,0,,
736,11,2011-12-20 00:00:00,2012-03-19 00:00:00,,199,467634,0,,,0,,
737,11,2011-12-20 00:00:00,2012-04-16 00:00:00,,199,1,0,,,0,,
738,11,2011-12-20 00:00:00,2012-04-02 00:00:00,,199,467638,0,,,0,,
739,11,2011-12-20 00:00:00,2012-03-19 00:00:00,,9,228044 -A,0,,,0,,
740,11,2011-12-20 00:00:00,2012-04-02 00:00:00,,9,228044-B,0,,,0,,
741,11,2012-01-03 00:00:00,,,13,,0,,,0,,
742,11,2012-01-03 00:00:00,,,15,,0,,,0,,
743,11,2012-01-03 00:00:00,,,12,,0,,,0,,
744,11,2012-01-03 00:00:00,,,2,,0,,,0,,
745,11,2012-01-03 00:00:00,,,53,,0,,,0,,
746,11,2012-01-10 00:00:00,2012-03-19 00:00:00,,187,SI-76796,0,,,0,,
747,11,2012-01-10 00:00:00,2012-04-01 00:00:00,,86,VO-125031,0,,,,,
748,11,2012-01-10 00:00:00,2012-03-19 00:00:00,,199,467380,0,,,0,,
749,11,2012-01-10 00:00:00,2012-04-16 00:00:00,,9,228044-C,0,,,0,,
750,11,2012-01-11 00:00:00,2012-03-12 00:00:00,,181,3769135,0,,,0,,
751,11,2012-01-11 00:00:00,2012-03-12 00:00:00,,93,,0,,,0,,
752,11,2012-01-24 00:00:00,2012-03-05 00:00:00,,190,742748,0,,,0,,
753,11,2012-01-24 00:00:00,2012-05-01 00:00:00,,105,,0,,,0,,
754,11,2012-01-24 00:00:00,,,100,,0,,,,,
755,12,,2012-02-14 00:00:00,,200,,0,,,0,,
756,11,2012-01-27 00:00:00,,,80,311811,0,,,0,,
757,11,2012-02-01 00:00:00,,,80,315048,0,,,0,,
758,11,2011-12-27 00:00:00,,,192,,0,,,0,,
759,11,2012-01-10 00:00:00,,,19,,0,,,0,,
760,11,2011-12-27 00:00:00,,,18,,0,,,0,,
761,11,2011-12-27 00:00:00,,,11,,0,,,0,,
762,11,2011-12-27 00:00:00,,,185,,0,,,0,,
763,11,2011-12-29 00:00:00,,,73,,0,,,0,,
764,11,2011-12-27 00:00:00,,,10,,0,,,0,,
765,11,2011-12-28 00:00:00,,,54,,0,,,0,,
766,11,2011-12-28 00:00:00,,,201,,0,,,0,,
767,11,2012-02-08 00:00:00,,,202,,0,,,0,,
768,11,2012-02-14 00:00:00,,,203,,0,,,0,,
770,12,2012-10-30 00:00:00,2013-03-18 00:00:00,,9,241846-A,0,,,0,,
771,12,2012-10-30 00:00:00,2013-04-01 00:00:00,,9,241846-B,0,,,0,,
772,12,2012-10-30 00:00:00,2013-03-11 00:00:00,,26,,0,,,0,,
773,12,2012-10-31 00:00:00,2013-03-18 00:00:00,,187,SI-81702,0,,,0,,
774,12,2012-10-31 00:00:00,2013-03-21 00:00:00,,187,SI-81672,0,,,0,,
775,12,2012-10-31 00:00:00,2013-04-03 00:00:00,,187,Si-81674,0,,,0,,
776,12,2012-10-31 00:00:00,2012-03-18 00:00:00,,199,535813,0,,,0,,
777,12,2012-11-30 00:00:00,2013-04-01 00:00:00,,199,535814,0,,,0,,
778,12,2012-10-31 00:00:00,2013-03-18 00:00:00,,6,399114,0,,,0,,
779,12,2012-11-20 00:00:00,,,196,,0,,,0,,
780,12,2012-11-20 00:00:00,,,14,,0,,,0,,
782,12,2012-11-20 00:00:00,,,74,,0,,,0,,
783,12,2012-11-20 00:00:00,,,53,,0,,,0,,
784,12,2012-11-20 00:00:00,,,3,,0,,,0,,
785,12,2012-11-20 00:00:00,,,18,,0,,,0,,
786,12,2012-11-28 00:00:00,,,13,,0,,,0,,
787,12,2012-11-28 00:00:00,,,12,,0,,,0,,
788,12,2012-11-28 00:00:00,,,15,,0,,,0,,
789,12,2012-11-28 00:00:00,,,2,,0,,,0,,
790,12,2012-11-29 00:00:00,2013-03-04 00:00:00,,190,779191-00,0,,,0,,
791,12,2012-11-13 00:00:00,2013-03-04 00:00:00,,28,779190-00,0,,,0,,
792,12,2012-11-29 00:00:00,2013-03-04 00:00:00,,36,779187-00,0,,,0,,
793,12,2012-11-29 00:00:00,2013-03-04 00:00:00,,36,779188-00,0,,,0,,
794,12,2012-11-29 00:00:00,2013-03-04 00:00:00,,25,779192-00,0,,,0,,
795,12,2012-11-29 00:00:00,2013-03-04 00:00:00,,34,779186-00,0,,,0,,
796,12,2012-11-29 00:00:00,2013-03-18 00:00:00,,35,779193-00,0,,,0,,
797,12,2012-11-29 00:00:00,2013-04-01 00:00:00,,30,779194-00,0,,,0,,
798,12,2012-12-05 00:00:00,,,20,,0,,,0,,
799,12,2012-12-07 00:00:00,2013-04-01 00:00:00,,86,VO132543,0,,,0,,
800,12,2012-12-12 00:00:00,2013-03-04 00:00:00,,98,759734,0,,,0,,
802,12,2012-12-12 00:00:00,2013-04-01 00:00:00,,28,77917-00,0,,,0,,
803,12,2012-12-12 00:00:00,2013-03-18 00:00:00,,25,779201-00,0,,,0,,
804,12,2012-12-12 00:00:00,2013-03-18 00:00:00,,28,779204-00,0,,,0,,
805,12,2012-12-13 00:00:00,2013-03-04 00:00:00,,189,759733-00,0,,,0,,
806,12,2012-12-13 00:00:00,2013-03-11 00:00:00,,204,4071340,0,,,0,,
807,12,2012-12-13 00:00:00,2013-03-25 00:00:00,,5,4071448,0,,,0,,
808,12,,,,204,,0,,,,,
809,12,2013-02-12 00:00:00,2013-04-08 00:00:00,,204,4075160,0,,,0,,
810,12,2012-12-14 00:00:00,2013-04-01 00:00:00,,86,VO132564,0,,,0,,
811,12,2012-12-14 00:00:00,2013-03-18 00:00:00,,187,SI-81673,0,,,0,,
812,11,2012-12-18 00:00:00,,,181,,0,,,0,,
813,12,2012-12-18 00:00:00,2013-04-08 00:00:00,,204,4075160 (Impatiens),0,,,0,,
814,12,2012-12-18 00:00:00,2013-04-29 00:00:00,,189,785989,0,,,0,,
815,12,2012-12-19 00:00:00,,,100,,0,,,0,,
816,12,2013-01-07 00:00:00,2013-03-25 00:00:00,,194,785966,0,,,0,,
817,12,2013-01-07 00:00:00,2013-04-08 00:00:00,,181,4091864,0,,,0,,
818,12,2013-01-07 00:00:00,2013-02-02 00:00:00,,181,,0,,,0,,
819,12,2013-01-07 00:00:00,2013-03-18 00:00:00,,25,4106110,0,,,0,,
820,12,2013-01-23 00:00:00,,,105,0384,0,,,0,,
821,12,2013-01-28 00:00:00,2013-03-18 00:00:00,,205,787842,0,,,0,,
822,12,2013-01-28 00:00:00,2013-03-18 00:00:00,,206,787843,0,,,0,,
823,12,2012-12-28 00:00:00,,,19,,0,,,0,,
824,12,2013-12-28 00:00:00,,,10,,0,,,0,,
825,12,2012-12-28 00:00:00,,,80,100165187,0,,,0,,
827,12,2013-01-29 00:00:00,2013-04-20 00:00:00,,207,3-016-001,0,,,0,,
828,12,2013-02-01 00:00:00,2013-03-16 00:00:00,,102,186299,0,,,0,,
829,12,2013-02-01 00:00:00,2013-05-01 00:00:00,,102,186300,0,,,0,,
830,12,2012-12-28 00:00:00,,,18,For Field,0,,,0,,
831,12,2012-12-28 00:00:00,,,73,,0,,,0,,
832,12,2012-12-28 00:00:00,,,201,,0,,,0,,
833,12,2012-12-28 00:00:00,,,46,,0,,,0,,
834,12,2012-12-28 00:00:00,,,4,,0,,,0,,
835,12,2012-12-28 00:00:00,,,56,,0,,,0,,
836,12,2012-12-28 00:00:00,,,202,,0,,,0,,
837,1,2013-02-05 00:00:00,,,11,,0,,,0,,
838,11,2011-12-10 00:00:00,,,11,,0,,,0,,
839,12,2012-12-28 00:00:00,,,11,,0,,,0,,
841,12,2012-12-28 00:00:00,,,58,,0,,,0,,
842,12,2013-12-28 00:00:00,,,185,,0,,,0,,
843,12,2013-02-22 00:00:00,2013-03-25 00:00:00,,93,,0,,,0,,
844,12,2013-02-13 00:00:00,2013-05-20 00:00:00,,208,793706-00,0,,,0,,
845,12,2013-01-07 00:00:00,2013-03-11 00:00:00,,94,,0,,,0,,
846,12,2013-02-28 00:00:00,2013-04-08 00:00:00,,120,4155975,0,,,0,,
847,12,2012-12-20 00:00:00,2013-04-01 00:00:00,,199,537911,0,,,0,,
848,12,,,,,,0,,,0,,
849,12,2013-02-02 00:00:00,2013-02-20 00:00:00,,209,C-127413,0,,,0,,
850,13,2013-11-07 00:00:00,,,0,,0,,,0,,
851,13,2013-11-07 00:00:00,2014-03-17 00:00:00,,199,604169,0,,,0,,
852,13,2013-11-07 00:00:00,2014-03-31 00:00:00,,199,604170,0,,,0,,
853,13,2013-11-08 00:00:00,2014-03-17 00:00:00,,9,255391-1,0,,,0,,
854,13,2013-11-08 00:00:00,2014-03-31 00:00:00,,9,255391-2,0,,,0,,
856,13,2013-11-08 00:00:00,2014-04-01 00:00:00,,86,V0139293,0,,,0,,
857,13,2013-11-08 00:00:00,2014-04-01 00:00:00,,86,V0139296,0,,,0,,
858,13,2013-11-08 00:00:00,2014-03-17 00:00:00,,93,,0,,,0,,
859,13,2013-11-08 00:00:00,2014-03-17 00:00:00,,6,1,0,,,0,,
860,13,2013-11-13 00:00:00,2014-04-01 00:00:00,,187,SI-87421,0,,,0,,
861,13,2013-11-13 00:00:00,2014-03-24 00:00:00,,187,SI-87420,0,,,0,,
862,12,2013-11-13 00:00:00,,,187,,0,,,0,,
864,13,2013-11-13 00:00:00,2014-03-03 00:00:00,,190,829591,0,,,0,,
865,13,2013-11-13 00:00:00,2014-03-03 00:00:00,,28,829592,0,,,0,,
866,13,2013-11-13 00:00:00,2014-03-03 00:00:00,,36,829594,0,,,0,,
867,13,2013-11-13 00:00:00,2014-03-03 00:00:00,,25,829610,0,,,0,,
868,13,2013-11-13 00:00:00,2014-03-03 00:00:00,,34,829599,0,,,0,,
869,13,2013-11-13 00:00:00,2014-03-03 00:00:00,,98,809469,0,,,0,,
870,13,2013-11-13 00:00:00,2014-03-03 00:00:00,,189,809463,0,,,0,,
871,13,2013-11-13 00:00:00,2014-03-11 00:00:00,,26,1,0,,,0,,
872,13,2013-11-13 00:00:00,2014-03-10 00:00:00,,204,4418294,0,,,0,,
873,13,2013-11-13 00:00:00,2014-03-10 00:00:00,,94,829614,0,,,0,,
874,13,2013-11-13 00:00:00,2014-05-01 00:00:00,,102,,0,,,0,,
875,13,2013-11-14 00:00:00,2014-03-18 00:00:00,,35,829616,0,,,0,,
876,13,2013-11-14 00:00:00,2014-03-17 00:00:00,,25,829643,0,,,0,,
877,13,2013-11-14 00:00:00,2014-03-18 00:00:00,,28,829658,0,,,0,,
878,13,2013-11-14 00:00:00,2014-03-17 00:00:00,,25,4417696,0,,,0,,
879,13,2013-11-14 00:00:00,2014-03-18 00:00:00,,205,829621,0,,,0,,
880,13,2013-11-14 00:00:00,2014-03-17 00:00:00,,206,,0,,,0,,
881,13,2013-11-14 00:00:00,2014-03-25 00:00:00,,5,4417720,0,,,0,,
882,13,2013-11-19 00:00:00,2014-03-24 00:00:00,,194,829672,0,,,0,,
883,13,2013-11-19 00:00:00,2014-03-31 00:00:00,,25,809467,0,,,0,,
884,13,2013-11-19 00:00:00,2014-03-31 00:00:00,,86,,0,,,0,,
885,13,2013-11-19 00:00:00,2014-03-31 00:00:00,,28,829673,0,,,0,,
886,13,2013-11-19 00:00:00,2014-03-31 00:00:00,,25,829678,0,,,0,,
887,13,2013-11-19 00:00:00,2014-04-07 00:00:00,,204,4418312,0,,,0,,
889,13,2013-11-19 00:00:00,2014-04-08 00:00:00,,181,4417727,0,,,0,,
891,13,2013-11-19 00:00:00,2014-04-29 00:00:00,,189,829730,0,,,0,,
892,13,2013-11-26 00:00:00,,,14,,0,,,0,,
893,13,2013-11-26 00:00:00,,,196,,0,,,0,,
894,13,2013-12-07 00:00:00,2014-03-03 00:00:00,,36,829596,0,,,0,,
895,13,2013-12-09 00:00:00,2014-03-24 00:00:00,,25,4417695,0,,,0,,
896,13,2013-12-09 00:00:00,2014-05-19 00:00:00,,5,4421846,0,,,0,,
897,13,2013-12-09 00:00:00,2014-03-31 00:00:00,,26,2,0,,,0,,
898,13,2013-12-09 00:00:00,2014-05-12 00:00:00,,208,832302,0,,,0,,
899,13,2013-12-10 00:00:00,,,18,,0,,,0,,
900,13,2013-12-10 00:00:00,,,20,,0,,,0,,
901,13,2013-12-10 00:00:00,,,53,,0,,,0,,
902,13,2013-12-10 00:00:00,,,74,,0,,,0,,
903,13,2013-12-11 00:00:00,2014-03-17 00:00:00,,187,SI-87558,0,,,0,,
904,13,2013-12-11 00:00:00,2014-03-31 00:00:00,,6,2,0,,,0,,
905,13,2013-12-11 00:00:00,2014-04-14 00:00:00,,6,3,0,,,0,,
906,13,2013-12-11 00:00:00,,,100,,0,,,0,,
907,13,2013-12-11 00:00:00,,,12,,0,,,0,,
908,13,2013-12-11 00:00:00,,,105,,0,,,0,,
909,13,2013-12-16 00:00:00,,,18,For Field,0,,,0,,
910,13,2013-12-16 00:00:00,,,56,,0,,,,,
911,13,2013-12-20 00:00:00,,,11,,0,,,0,,
912,13,2013-12-20 00:00:00,,,73,,0,,,0,,
913,12,2013-12-23 00:00:00,,,10,,0,,,0,,
914,13,2013-12-23 00:00:00,,,10,,0,,,0,,
915,13,2013-12-23 00:00:00,,,46,,0,,,0,,
916,13,2013-12-23 00:00:00,,,4,,0,,,0,,
917,13,2013-12-23 00:00:00,,,80,,0,,,0,,
918,13,2014-01-08 00:00:00,2014-03-03 00:00:00,,210,833480,0,,,0,,
919,13,2014-01-08 00:00:00,2014-04-20 00:00:00,,207,3-352-014,0,,,0,,
920,13,2014-01-15 00:00:00,2014-03-03 00:00:00,,102,,0,,,0,,
921,13,2014-01-20 00:00:00,,,74,,0,,,0,,
922,13,2014-02-20 00:00:00,2014-04-01 00:00:00,,211,,0,,,0,,
923,14,2015-01-07 00:00:00,,,19,SO-2563441,0,,,0,,
924,13,2014-02-20 00:00:00,,,19,,0,,,0,,
925,13,2014-02-20 00:00:00,,,209,,0,,,0,,
926,13,2014-02-26 00:00:00,2014-04-07 00:00:00,,194,841628,0,,,0,,
927,13,2014-03-05 00:00:00,2014-04-01 00:00:00,,50,Fall Inventory 2013,0,,,0,,
928,13,2014-03-01 00:00:00,2014-03-13 00:00:00,,50,1,0,,,0,,
929,14,2014-11-14 00:00:00,2015-04-20 00:00:00,,208,87791,0,,,0,,
930,14,2014-11-14 00:00:00,2015-03-16 00:00:00,,206,877996,0,,,0,,
931,14,2014-11-14 00:00:00,2015-03-30 00:00:00,,28,877977,0,,,0,,
932,14,2014-11-14 00:00:00,2015-03-30 00:00:00,,195,878000,0,,,0,,
933,14,2014-11-14 00:00:00,2015-03-30 00:00:00,,25,878002,0,,,0,,
934,14,2014-11-14 00:00:00,2015-03-23 00:00:00,,194,878004,0,,,0,,
935,14,2014-11-17 00:00:00,2015-03-09 00:00:00,,36,878039,0,,,0,,
936,14,2014-11-17 00:00:00,2015-03-23 00:00:00,,25,878008,0,,,0,,
937,14,2014-11-17 00:00:00,2015-03-23 00:00:00,,28,878033,0,,,0,,
938,14,2014-11-17 00:00:00,2015-03-02 00:00:00,,28,878043,0,,,0,,
939,14,2014-11-17 00:00:00,2015-04-06 00:00:00,,28,878044,0,,,0,,
940,14,2014-11-17 00:00:00,2015-03-16 00:00:00,,205,878035,0,,,0,,
941,14,2014-11-18 00:00:00,2015-03-23 00:00:00,,35,878038,0,,,0,,
942,14,2014-11-18 00:00:00,2015-03-02 00:00:00,,190,878040,0,,,0,,
943,14,2014-11-18 00:00:00,2015-03-02 00:00:00,,25,878041,0,,,0,,
944,14,2014-11-18 00:00:00,2015-03-02 00:00:00,,34,878042,0,,,0,,
945,14,2014-11-18 00:00:00,2015-04-06 00:00:00,,194,877995,0,,,0,,
946,14,2014-11-18 00:00:00,2015-04-27 00:00:00,,212,878046,0,,,0,,
947,14,2014-11-18 00:00:00,2015-03-16 00:00:00,,28,878034,0,,,0,,
948,14,2014-11-18 00:00:00,2015-03-16 00:00:00,,25,878009,0,,,0,,
949,14,2014-11-18 00:00:00,2015-03-16 00:00:00,,199,673787,0,,,0,,
950,14,2014-11-18 00:00:00,2015-03-30 00:00:00,,199,673797,0,,,0,,
951,14,2014-11-20 00:00:00,2015-03-25 00:00:00,,187,SI-92769,0,,,0,,
952,14,2014-11-20 00:00:00,2015-03-17 00:00:00,,187,SI-92768,0,,,0,,
953,14,2014-11-20 00:00:00,2015-04-02 00:00:00,,187,SI-92770,0,,,0,,
954,14,2014-11-24 00:00:00,2015-03-16 00:00:00,,6,4780796,0,,,0,,
955,14,2014-11-24 00:00:00,2015-03-31 00:00:00,,6,4780797,0,,,0,,
956,14,2014-11-24 00:00:00,2015-04-14 00:00:00,,6,4780798,0,,,0,,
957,14,2014-11-25 00:00:00,,,18,,0,,,0,,
958,14,2014-11-25 00:00:00,,,14,,0,,,0,,
959,14,2014-11-25 00:00:00,,,196,,0,,,0,,
960,14,2014-11-25 00:00:00,,,74,,0,,,0,,
961,14,2014-11-25 00:00:00,,,88,,0,,,0,,
962,14,2014-11-25 00:00:00,,,12,,0,,,0,,
963,13,2014-11-25 00:00:00,,,20,,0,,,0,,
964,14,2014-11-25 00:00:00,,,20,,0,,,0,,
965,14,2014-12-01 00:00:00,,,13,,0,,,0,,
966,14,2014-12-01 00:00:00,,,53,,0,,,0,,
967,14,2014-12-01 00:00:00,2015-03-30 00:00:00,,23,1105500,0,,,0,,
968,14,2014-12-01 00:00:00,2015-03-23 00:00:00,,93,MO-14534,0,,,0,,
969,14,2014-12-02 00:00:00,2015-03-02 00:00:00,,98,857819,0,,,0,,
970,14,2014-12-02 00:00:00,2015-03-02 00:00:00,,212,857820,0,,,0,,
971,14,2014-12-02 00:00:00,2015-03-09 00:00:00,,204,4771333,0,,,0,,
972,14,2014-12-02 00:00:00,2015-03-09 00:00:00,,26,1,0,,,0,,
973,14,2014-12-02 00:00:00,2015-03-16 00:00:00,,26,2,0,,,0,,
974,14,2014-12-02 00:00:00,2015-03-16 00:00:00,,25,4771342,0,,,0,,
975,14,2014-12-02 00:00:00,2015-03-23 00:00:00,,5,4771361,0,,,0,,
976,14,2014-12-02 00:00:00,2015-03-30 00:00:00,,26,3,0,,,0,,
977,14,2014-12-03 00:00:00,2015-04-06 00:00:00,,204,4771380,0,,,0,,
978,14,2014-12-03 00:00:00,2015-04-13 00:00:00,,26,4,0,,,0,,
979,14,2014-12-03 00:00:00,2015-03-30 00:00:00,,212,857818,0,,,0,,
980,14,2014-12-03 00:00:00,2015-04-01 00:00:00,,86,V0-146937,0,,,0,,
981,14,2014-12-03 00:00:00,2015-03-30 00:00:00,,86,V0-146941,0,,,0,,
983,14,2014-12-12 00:00:00,2015-03-16 00:00:00,,9,5524-1,0,,,0,,
984,14,2014-12-12 00:00:00,2015-03-30 00:00:00,,9,5524-,0,,,0,,
985,14,2014-12-12 00:00:00,2015-04-20 00:00:00,,9,5524-3,0,,,0,,
986,14,2014-12-17 00:00:00,,,105,,0,,,0,,
987,14,2014-12-18 00:00:00,2015-05-01 00:00:00,,100,,0,,Last year our Peony 'Pince of Darkness' was white.,,,
988,14,2014-12-20 00:00:00,,,18,FOR FIELD,0,,,0,,
990,14,2014-12-20 00:00:00,,,11,,0,,,0,,
991,14,2014-12-20 00:00:00,,,73,,0,,,0,,
992,14,2014-12-20 00:00:00,,,80,,0,,,0,,
993,14,2014-12-20 00:00:00,,,10,,0,,,0,,
994,14,2014-12-20 00:00:00,,,4,,0,,,0,,
995,14,2014-12-20 00:00:00,,,46,,0,,,0,,
996,14,2015-02-12 00:00:00,,,200,81053,0,,,0,,
997,14,2015-02-12 00:00:00,,,185,150116,0,,,0,,
998,14,2015-02-12 00:00:00,,,49,,0,,,0,,
999,14,2015-02-16 00:00:00,2015-04-01 00:00:00,,211,,0,,,0,,
1001,14,2015-02-28 00:00:00,,,50,Fall Inventory,0,,,0,,
1003,14,2015-03-04 00:00:00,,,102,,0,,,0,,
1005,15,2015-11-04 00:00:00,2016-03-07 00:00:00,,28,925421,0,,,0,,
1006,15,2015-11-04 00:00:00,2016-03-07 00:00:00,,190,925414,0,,,0,,
1007,15,2015-11-04 00:00:00,2016-03-07 00:00:00,,25,925425,0,,,0,,
1009,15,2015-11-04 00:00:00,2016-03-07 00:00:00,,212,905318,0,,,0,,
1010,15,2015-11-04 00:00:00,2016-03-07 00:00:00,,36,925426,0,,,0,,
1011,15,2015-11-04 00:00:00,2016-03-07 00:00:00,,204,5157592,0,,Put in house number 9!,0,,
1012,15,2015-11-04 00:00:00,2016-03-07 00:00:00,,26,1,0,,,0,,
1013,15,2015-11-04 00:00:00,2016-03-14 00:00:00,,205,925430,0,,,0,,
1014,15,2015-11-04 00:00:00,2016-03-14 00:00:00,,28,925440,0,,,0,,
1015,15,2015-11-04 00:00:00,2016-03-14 00:00:00,,25,925448,0,,,0,,
1016,15,2015-11-04 00:00:00,2016-03-14 00:00:00,,6,503416,0,,,0,,
1017,15,2015-11-04 00:00:00,2016-03-14 00:00:00,,25,5157624,0,,,0,,
1018,15,2015-11-04 00:00:00,2016-03-21 00:00:00,,194,925452,0,,,0,,
1019,15,2015-11-04 00:00:00,2016-03-21 00:00:00,,35,925455,0,,,0,,
1020,15,2015-11-04 00:00:00,2016-03-21 00:00:00,,5,5157632,0,,,0,,
1021,15,2015-11-05 00:00:00,2016-04-04 00:00:00,,28,925458,0,,,0,,
1022,15,2015-11-05 00:00:00,2016-04-04 00:00:00,,195,925456,0,,,0,,
1023,15,2015-11-05 00:00:00,2016-04-11 00:00:00,,26,2,0,,,0,,
1024,15,2015-11-05 00:00:00,2016-04-11 00:00:00,,28,925459,0,,,0,,
1025,15,2015-11-05 00:00:00,2016-04-04 00:00:00,,194,925457,0,,,0,,
1026,15,2015-11-05 00:00:00,2016-04-04 00:00:00,,204,5157680,0,,,0,,
1028,15,2015-11-13 00:00:00,2016-03-28 00:00:00,,23,926776,0,,,0,,
1029,15,2015-11-13 00:00:00,2016-04-01 00:00:00,,86,V0157470,0,,,0,,
1031,15,2015-11-13 00:00:00,2016-03-28 00:00:00,,199,745879,0,,,0,,
1032,15,2015-11-13 00:00:00,2016-03-14 00:00:00,,199,745877,0,,,0,,
1033,15,2015-11-16 00:00:00,2016-03-07 00:00:00,,34,925429,0,,,0,,
1034,15,2015-11-16 00:00:00,2016-05-01 00:00:00,,100,,0,,,0,,
1035,15,2015-11-16 00:00:00,2016-03-14 00:00:00,,206,925412,0,,,0,,
1036,15,2015-11-16 00:00:00,2016-03-28 00:00:00,,187,SI-99533,0,,,0,,
1037,15,2015-11-16 00:00:00,2016-03-21 00:00:00,,187,SI-99532,0,,,0,,
1038,15,2015-11-16 00:00:00,2016-03-17 00:00:00,,187,3,0,,,0,,
1039,15,2015-11-16 00:00:00,2016-03-23 00:00:00,,93,5157786,0,,,0,,
1040,15,2015-11-16 00:00:00,2016-03-14 00:00:00,,9,18691 #1,0,,,0,,
1042,15,2015-11-16 00:00:00,2016-03-28 00:00:00,,9,18691 #2,0,,,0,,
1043,15,2015-11-16 00:00:00,2016-04-04 00:00:00,,9,18691 #3,0,,,0,,
1044,15,2015-11-16 00:00:00,2016-05-16 00:00:00,,9,18691 #4,0,,,0,,
1045,15,2015-11-19 00:00:00,,,14,,0,,,0,,
1046,15,2015-11-20 00:00:00,,,196,,0,,,0,,
1047,15,2015-11-20 00:00:00,,,20,,0,,,0,,
1048,15,2015-11-20 00:00:00,,,53,,0,,,0,,
1049,14,2015-11-20 00:00:00,,,18,,0,,,0,,
1050,15,2015-11-20 00:00:00,,,18,,0,,,0,,
1051,15,2015-11-20 00:00:00,,,74,,0,,,0,,
1052,15,2015-11-20 00:00:00,,,12,,0,,,0,,
1054,15,2015-12-07 00:00:00,2016-03-07 00:00:00,,205,905320,0,,,0,,
1055,15,2015-12-07 00:00:00,2016-03-21 00:00:00,,25,925451,0,,,0,,
1056,15,2015-12-07 00:00:00,2016-03-21 00:00:00,,28,925454,0,,,0,,
1057,15,2015-12-07 00:00:00,2016-03-28 00:00:00,,212,905321,0,,,0,,
1058,15,2015-12-07 00:00:00,2016-04-04 00:00:00,,25,925461,0,,,0,,
1059,15,2015-12-07 00:00:00,2016-04-04 00:00:00,,183,926779,0,,,0,,
1060,15,2015-12-07 00:00:00,2016-04-11 00:00:00,,205,926780,0,,,0,,
1061,15,2015-12-07 00:00:00,2016-04-18 00:00:00,,213,926777,0,,,0,,
1062,15,2015-12-07 00:00:00,2016-05-02 00:00:00,,212,925462,0,,,0,,
1063,15,2015-12-09 00:00:00,2016-03-28 00:00:00,,86,V0159013,0,,,0,,
1064,15,2015-12-09 00:00:00,2016-03-28 00:00:00,,86,V0157475,0,,,0,,
1065,15,2015-12-09 00:00:00,2016-04-04 00:00:00,,187,SI-99534,0,,,0,,
1066,15,2015-12-10 00:00:00,,,105,,0,,,0,,
1068,14,2015-12-17 00:00:00,,,56,,0,,,0,,
1069,15,2015-12-30 00:00:00,,,18,For FIELD,0,,,0,,
1070,15,2015-12-30 00:00:00,,,73,,0,,,0,,
1071,15,2015-12-30 00:00:00,,,11,,0,,,0,,
1072,15,2015-12-30 00:00:00,,,200,,0,,,0,,
1074,15,2015-12-30 00:00:00,,,56,,0,,,0,,
1075,15,2015-12-30 00:00:00,,,10,,0,,,0,,
1076,15,2015-12-30 00:00:00,,,185,,0,,,0,,
1077,15,2015-12-30 00:00:00,,,4,,0,,,0,,
1078,15,2016-01-13 00:00:00,2016-03-28 00:00:00,,93,60965,0,,Shared order through Liz,0,,
1079,14,2016-01-13 00:00:00,,,88,,0,,,0,,
1080,15,2016-01-20 00:00:00,,,46,,0,,,0,,
1081,15,2016-01-20 00:00:00,,,19,,0,,,0,,
1083,15,2016-02-11 00:00:00,2016-03-28 00:00:00,,184,,0,,,0,,
1084,15,2016-02-22 00:00:00,2016-04-25 00:00:00,,102,240674,0,,,0,,
1085,16,2016-11-10 00:00:00,2017-03-13 00:00:00,,9,1,0,,,0,,
1086,16,2016-11-10 00:00:00,2017-03-27 00:00:00,,9,#2,0,,,0,,
1087,16,2016-11-10 00:00:00,2017-04-03 00:00:00,,9,3,0,,,0,,
1088,16,2016-11-15 00:00:00,,,0,,0,,,0,,
1089,16,2016-11-15 00:00:00,,,0,,0,,,0,,
1090,16,2016-11-15 00:00:00,2017-03-21 00:00:00,,187,S013278,0,,,0,,
1091,16,2016-11-17 00:00:00,2017-04-01 00:00:00,,86,VO171974,0,,,0,,
1092,16,2016-11-15 00:00:00,2017-05-07 00:00:00,,100,129952,0,,,0,,
1093,16,2016-11-15 00:00:00,,,14,,0,,,0,,
1094,16,2016-11-15 00:00:00,2017-03-27 00:00:00,,23,9727771,0,,,0,,
1095,16,2016-11-15 00:00:00,,,196,,0,,,0,,
1096,16,2016-11-15 00:00:00,2017-03-28 00:00:00,,187,SO13277,0,,,0,,
1097,16,2016-11-15 00:00:00,2017-03-28 00:00:00,,86,VO172084,0,,,0,,
1098,16,,2017-03-28 00:00:00,,86,V0171976,0,,,0,,
1099,16,2016-11-15 00:00:00,2017-03-13 00:00:00,,6,5488544,0,,,0,,
1101,16,2016-11-15 00:00:00,2017-03-27 00:00:00,,199,0818825,0,,,0,,
1102,16,2016-11-15 00:00:00,2017-03-13 00:00:00,,199,0818817,0,,,0,,
1103,16,2016-11-15 00:00:00,2017-03-20 00:00:00,,5,5546977,0,,,0,,
1104,16,2016-11-15 00:00:00,2017-03-06 00:00:00,,34,959874,0,,,0,,
1105,16,2016-11-21 00:00:00,,,53,,0,,,0,,
1106,16,2016-11-21 00:00:00,,,18,,0,,,0,,
1107,16,2016-11-21 00:00:00,2017-03-07 00:00:00,,26,1,0,,,0,,
1108,16,2016-11-21 00:00:00,2017-04-11 00:00:00,,26,2,0,,,0,,
1109,16,2016-11-21 00:00:00,2017-04-04 00:00:00,,28,959871,0,,,0,,
1111,16,2016-11-21 00:00:00,2017-03-07 00:00:00,,25,972614,0,,,0,,
1112,16,2016-11-21 00:00:00,2017-03-14 00:00:00,,205,972619,0,,,0,,
1113,16,2016-11-21 00:00:00,2017-03-14 00:00:00,,25,972778,0,,,0,,
1114,16,2016-11-21 00:00:00,2017-03-13 00:00:00,,28,959868,0,,,0,,
1115,16,2016-11-21 00:00:00,2017-05-01 00:00:00,,105,,0,,,0,,
1116,16,2016-11-21 00:00:00,,,20,,0,,,0,,
1117,16,2016-11-21 00:00:00,2017-03-07 00:00:00,,205,949505,0,,,0,,
1118,16,2016-11-21 00:00:00,2017-04-03 00:00:00,,194,972774,0,,,0,,
1119,16,2016-11-21 00:00:00,2017-03-13 00:00:00,,25,5547232,0,,,0,,
1120,16,2016-11-21 00:00:00,2017-05-01 00:00:00,,212,972781,0,,,0,,
1121,16,2016-11-21 00:00:00,2017-03-06 00:00:00,,212,949509,0,,,0,,
1122,16,2016-11-21 00:00:00,2017-03-07 00:00:00,,36,972610,0,,,0,,
1123,16,2016-11-21 00:00:00,2017-04-04 00:00:00,,204,5546382,0,,,0,,
1124,16,2016-11-21 00:00:00,2017-04-03 00:00:00,,25,972779,0,,,0,,
1125,16,2016-11-21 00:00:00,2017-03-06 00:00:00,,28,959867,0,,,0,,
1126,16,2016-11-28 00:00:00,2017-03-13 00:00:00,,206,972770,0,,,0,,
1127,16,2016-11-28 00:00:00,2017-03-13 00:00:00,,187,SO13276,0,,,0,,
1129,16,2016-11-28 00:00:00,2017-03-23 00:00:00,,93,5547060,0,,,0,,
1130,16,2016-11-28 00:00:00,2017-03-07 00:00:00,,204,5546318,0,,,0,,
1131,16,2016-12-01 00:00:00,2017-04-03 00:00:00,,94,5547163,0,,,0,,
1132,16,2016-12-02 00:00:00,2017-01-01 00:00:00,,13,,0,,,0,,
1133,16,2016-12-06 00:00:00,2017-03-06 00:00:00,,190,972607,0,,,0,,
1134,16,2016-12-06 00:00:00,2017-03-20 00:00:00,,194,972606,0,,,0,,
1135,16,2016-12-07 00:00:00,2017-03-20 00:00:00,,25,972777,0,,,0,,
1136,16,2016-12-07 00:00:00,2017-03-20 00:00:00,,28,959869,0,,,0,,
1137,16,2016-12-07 00:00:00,2017-03-27 00:00:00,,212,949510,0,,,0,,
1138,16,2016-12-07 00:00:00,2017-04-03 00:00:00,,195,972776,0,,,0,,
1139,16,2016-12-07 00:00:00,2017-04-03 00:00:00,,183,959878,0,,,0,,
1140,16,2016-12-07 00:00:00,2017-04-10 00:00:00,,28,959872,0,,,0,,
1141,16,2016-12-07 00:00:00,2017-04-10 00:00:00,,205,972780,0,,,0,,
1142,16,2016-12-14 00:00:00,,,12,,0,,,0,,
1143,16,2016-12-14 00:00:00,2017-02-27 00:00:00,,215,5537892,0,,,0,,
1144,16,2016-12-21 00:00:00,2017-04-03 00:00:00,,187,SO13279,0,,,0,,
1145,16,2016-12-27 00:00:00,2017-01-17 00:00:00,,18,FOR FIELD,0,,FOR FIELD,0,,
1146,16,2016-12-27 00:00:00,,,11,,0,,,0,,
1147,16,2016-12-27 00:00:00,,,10,,0,,,0,,
1148,16,2016-12-27 00:00:00,,,73,,0,,,0,,
1149,16,2016-12-27 00:00:00,,,56,,0,,,0,,
1150,16,2016-12-27 00:00:00,,,4,,0,,,0,,
1151,16,2016-12-27 00:00:00,,,46,,0,,,0,,
1152,16,2016-12-27 00:00:00,,,80,,0,,,0,,
1153,16,2017-01-05 00:00:00,2017-04-10 00:00:00,,77,53315,0,,,0,,
1154,16,2017-01-23 00:00:00,,,185,,0,,,0,,
1155,16,2017-01-23 00:00:00,,,19,,0,,,0,,
1158,16,2017-01-24 00:00:00,2017-01-01 00:00:00,,47,,0,,,0,,
1159,16,2017-01-25 00:00:00,2017-03-20 00:00:00,,6,5570963,0,,,0,,
1160,16,2017-01-26 00:00:00,2017-04-10 00:00:00,,208,949520,0,,,0,,
1163,16,2017-02-22 00:00:00,2017-05-01 00:00:00,,102,258612,0,,,0,,
1164,16,2017-03-06 00:00:00,,,97,,0,,,0,,
1165,16,2017-03-20 00:00:00,,,50,Fall Inventory 2016,0,,Import of fall 2016 perennial inventory,0,,
1166,16,2017-03-09 00:00:00,2017-03-09 00:00:00,,50,,0,,,0,,
1167,16,2017-03-17 00:00:00,2017-03-17 00:00:00,,50,,0,,,0,,
1168,16,2017-03-23 00:00:00,2017-03-23 00:00:00,,50,,0,,,0,,
1169,16,2017-03-27 00:00:00,2017-03-27 00:00:00,,50,,0,,,0,,
1170,19,2017-09-28 00:00:00,2018-03-13 00:00:00,,9,1,0,,,0,,50
1171,19,2017-09-28 00:00:00,2018-03-27 00:00:00,,9,2,0,,,0,,50
1172,19,2017-09-28 00:00:00,2018-04-03 00:00:00,,9,3,0,,,0,,50
1173,19,2017-11-10 00:00:00,2018-05-07 00:00:00,,100,,0,,,0,,
1175,16,2017-11-10 00:00:00,2017-03-27 00:00:00,,199,0818825,0,,,0,,
1176,19,2017-11-10 00:00:00,2018-03-28 00:00:00,,86,VO 184199,0,,,0,,50
1177,19,2017-11-10 00:00:00,2018-04-02 00:00:00,,86,VO 184197,0,,,0,,50
1178,19,2017-11-10 00:00:00,2018-03-27 00:00:00,,23,17901,0,,,0,,3
1179,19,2017-11-10 00:00:00,2018-03-26 00:00:00,,199,0899264,0,,,0,,50
1180,19,2017-11-10 00:00:00,2018-03-19 00:00:00,,93,5923023,0,,,0,,
1181,19,2017-11-10 00:00:00,2018-03-19 00:00:00,,5,5922624,0,,,0,,88
1182,19,2017-11-10 00:00:00,2018-03-26 00:00:00,,187,SO-19424,0,,,0,,50
1183,19,2017-11-10 00:00:00,2018-03-12 00:00:00,,199,0899252,0,,,0,,50
1184,19,2017-11-10 00:00:00,2018-03-13 00:00:00,,187,SO-19425,0,,,0,,50
1185,19,2017-11-10 00:00:00,2018-03-12 00:00:00,,6,5922568,0,,,0,,
1186,19,2017-11-10 00:00:00,2018-04-02 00:00:00,,187,SO-19447,0,,,0,,50
1187,19,2017-11-10 00:00:00,2018-03-19 00:00:00,,187,SO-19426,0,,,0,,50
1188,19,2017-11-10 00:00:00,2018-04-03 00:00:00,,94,5923083,0,,,0,,88
1189,19,2017-11-10 00:00:00,2018-03-13 00:00:00,,206,17908,0,,,0,,
1190,19,2017-11-10 00:00:00,2018-03-05 00:00:00,,34,004480,0,,,0,,3
1191,19,2017-11-10 00:00:00,2018-04-03 00:00:00,,194,19029,0,,,0,,3
1192,19,2017-11-10 00:00:00,2018-04-10 00:00:00,,208,994336,0,,,0,,3
1193,19,2017-11-10 00:00:00,2018-05-01 00:00:00,,105,,0,,,0,,50
1194,19,2017-11-10 00:00:00,2018-03-13 00:00:00,,25,5922604,0,,,0,,88
1195,19,2017-11-10 00:00:00,2018-04-03 00:00:00,,195,17893,0,,,0,,3
1196,19,2017-11-10 00:00:00,2018-03-05 00:00:00,,25,017910,0,,,0,,
1197,19,2017-11-10 00:00:00,2018-03-07 00:00:00,,26,1,0,,,0,,50
1198,19,2017-11-10 00:00:00,2018-03-12 00:00:00,,25,17903,0,,,0,,3
1199,19,2017-11-10 00:00:00,2018-03-19 00:00:00,,25,17902,0,,,0,,3
1200,19,2017-11-10 00:00:00,2018-03-12 00:00:00,,28,004486,0,,,0,,3
1201,19,2017-11-10 00:00:00,2018-03-19 00:00:00,,28,004482,0,,,0,,3
1202,19,2017-11-10 00:00:00,2018-03-07 00:00:00,,36,17909,0,,,0,,3
1203,19,2017-11-10 00:00:00,2018-04-11 00:00:00,,26,2,0,,,0,,50
1204,19,2017-11-10 00:00:00,2018-03-06 00:00:00,,212,993687,0,,,0,,3
1205,19,2017-11-10 00:00:00,2018-04-02 00:00:00,,25,17895,0,,,0,,3
1206,19,2017-11-10 00:00:00,2018-03-05 00:00:00,,28,004481,0,,,0,,3
1207,19,2017-11-10 00:00:00,2018-04-10 00:00:00,,205,17885,0,,,0,,3
1208,19,2017-11-10 00:00:00,2018-03-05 00:00:00,,204,5922549,0,,,0,,88
1209,19,2017-11-10 00:00:00,2018-03-27 00:00:00,,212,993689,0,,,0,,3
1210,19,2017-11-10 00:00:00,2018-03-20 00:00:00,,194,19026,0,,,0,,3
1211,19,2017-11-10 00:00:00,2018-04-02 00:00:00,,204,5923123,0,,,0,,88
1212,19,2017-11-10 00:00:00,2018-04-02 00:00:00,,28,004483,0,,,0,,3
1214,19,2017-11-16 00:00:00,2018-03-14 00:00:00,,205,17907,0,,,0,,3
1215,19,2017-11-16 00:00:00,2018-04-09 00:00:00,,28,004485,0,,,0,,3
1216,19,2017-11-16 00:00:00,,,14,,0,,,0,,
1217,19,2017-11-16 00:00:00,,,196,,0,,,0,,
1218,19,2017-11-27 00:00:00,2018-03-05 00:00:00,,190,NOT AVAILABLE,0,,,0,,
1219,19,2017-11-27 00:00:00,2018-03-06 00:00:00,,205,993688,0,,,0,,3
1220,19,2017-11-27 00:00:00,2018-04-04 00:00:00,,183,17891,0,,,0,,3
1221,19,2017-11-27 00:00:00,2018-05-07 00:00:00,,212,,0,,,0,,3
1222,19,2017-11-30 00:00:00,,,80,,0,,,0,,
1223,19,2017-11-30 00:00:00,,,19,,0,,,0,,
1224,19,2017-11-30 00:00:00,,,20,,0,,,0,,
1226,19,2017-11-30 00:00:00,,,56,,0,,,0,,
1227,19,2017-11-30 00:00:00,,,18,2,0,,,0,,
1228,19,2017-11-30 00:00:00,,,18,,0,,,0,,
1229,19,2017-11-30 00:00:00,,,185,,0,,,0,,
1230,19,2017-11-30 00:00:00,,,11,,0,,,0,,
1231,19,2017-11-30 00:00:00,,,12,,0,,,0,,
1232,19,2017-11-30 00:00:00,,,73,,0,,,0,,
1233,19,2017-11-30 00:00:00,,,53,,0,,,0,,
1234,19,2017-11-30 00:00:00,,,10,,0,,,0,,
1235,19,2017-11-30 00:00:00,,,4,,0,,,0,,
1236,19,2017-11-30 00:00:00,,,47,,0,,,0,,
1237,19,2017-12-04 00:00:00,2018-03-26 00:00:00,,93,5923022,0,,,0,,
1238,19,2017-12-04 00:00:00,2018-04-02 00:00:00,,216,5923082,0,,,0,,88
1239,19,2017-12-28 00:00:00,2018-03-05 00:00:00,,90,5956884,0,,,0,,88
1240,19,2017-12-19 00:00:00,2018-03-19 00:00:00,,6,5947452,0,,,0,,88
1241,19,2018-01-07 00:00:00,2018-03-19 00:00:00,,193,5966576,0,,,0,,88
1242,19,2017-12-14 00:00:00,2018-04-02 00:00:00,,217,17897,0,,,0,,3
1243,19,2017-12-04 00:00:00,2018-04-02 00:00:00,,5,5925630,0,,,0,,88
1244,19,2017-10-29 00:00:00,2018-04-20 00:00:00,,102,,0,,,0,,50
1245,20,2018-10-31 00:00:00,2019-03-11 00:00:00,,9,1,0,,,0,,50
1246,20,2018-10-31 00:00:00,2019-03-18 00:00:00,,9,2,0,,,0,,50
1247,20,2018-10-31 00:00:00,2019-03-25 00:00:00,,9,3,0,,,0,,50
1248,19,2018-10-31 00:00:00,2019-04-01 00:00:00,,9,4,0,,,0,,50
1249,20,2018-11-06 00:00:00,2019-03-26 00:00:00,,199,0987862,0,,,0,,50
1250,20,2018-11-06 00:00:00,2019-03-12 00:00:00,,199,987859,0,,,0,,50
1252,20,2018-11-19 00:00:00,2019-04-01 00:00:00,,187,SO24556,0,,,0,,50
1253,20,2018-11-19 00:00:00,2019-03-25 00:00:00,,187,SO24555,0,,,0,,50
1254,20,2018-11-19 00:00:00,2019-03-18 00:00:00,,187,SO24554,0,,,0,,50
1255,20,2018-11-19 00:00:00,2019-03-11 00:00:00,,187,SO24553,0,,,0,,50
1257,20,2018-11-19 00:00:00,2019-04-01 00:00:00,,216,6315623,0,,,0,,88
1258,20,2018-11-19 00:00:00,2019-03-11 00:00:00,,90,6315611,0,,,0,,88
1259,20,2018-11-19 00:00:00,2019-03-11 00:00:00,,25,6315627,0,,,0,,88
1260,20,2018-11-19 00:00:00,2019-03-18 00:00:00,,5,6315622,0,,,0,,88
1261,19,2018-11-20 00:00:00,2018-04-01 00:00:00,,94,6315628,0,,,0,,88
1262,20,2018-11-30 00:00:00,2019-05-06 00:00:00,,212,058616,0,,,0,,3
1263,20,2018-11-30 00:00:00,2019-04-01 00:00:00,,86,VO194387,0,,,0,,50
1264,20,2018-11-30 00:00:00,2019-04-01 00:00:00,,86,VO194250,0,,,0,,50
1265,19,2018-11-30 00:00:00,2019-03-04 00:00:00,,34,050096,0,,,0,,3
1267,20,2018-11-30 00:00:00,2019-03-04 00:00:00,,218,058295,0,,,0,,3
1268,20,2018-11-30 00:00:00,2019-03-11 00:00:00,,219,058299,0,,,0,,3
1269,20,2018-11-30 00:00:00,2019-03-04 00:00:00,,25,058339,0,,,0,,3
1270,20,2018-11-30 00:00:00,2019-03-11 00:00:00,,206,058329,0,,,0,,3
1271,20,2018-11-30 00:00:00,2019-03-04 00:00:00,,36,058338,0,,,0,,3
1272,20,2018-11-30 00:00:00,2019-04-08 00:00:00,,205,058324,0,,,0,,3
1273,20,2018-11-30 00:00:00,2019-03-11 00:00:00,,205,058332,0,,,0,,3
1274,20,2018-12-03 00:00:00,2019-03-25 00:00:00,,23,058317,0,,,0,,3
1275,20,2018-12-03 00:00:00,2019-03-04 00:00:00,,205,039401,0,,,0,,3
1276,20,2018-12-03 00:00:00,2019-04-01 00:00:00,,183,058319,0,,,0,,3
1277,20,2018-12-03 00:00:00,2019-04-01 00:00:00,,194,058323,0,,,0,,3
1278,20,2018-12-03 00:00:00,2019-03-25 00:00:00,,212,39400,0,,,0,,3
1279,20,2018-12-03 00:00:00,2019-04-01 00:00:00,,25,058321,0,,,0,,3
1281,20,2018-12-03 00:00:00,2019-03-11 00:00:00,,25,58340,0,,,0,,3
1282,20,2018-12-03 00:00:00,2019-03-18 00:00:00,,25,58327,0,,,0,,3
1283,20,2018-12-03 00:00:00,2019-04-01 00:00:00,,6,6315618,0,,,0,,88
1284,20,2018-12-05 00:00:00,2019-03-18 00:00:00,,194,58325,0,,,0,,3
1285,20,2018-12-05 00:00:00,2019-04-08 00:00:00,,217,60046,0,,,0,,3
1286,19,2018-12-05 00:00:00,,,105,,0,,,0,,
1287,20,2018-12-05 00:00:00,,,105,,0,,,0,,
1288,20,2018-12-07 00:00:00,,,14,,0,,,0,,
1289,20,2018-12-07 00:00:00,,,12,,0,,,0,,
1290,20,2018-12-07 00:00:00,,,80,101580874,0,,,0,,
1291,20,2018-12-07 00:00:00,,,20,,0,,,0,,
1293,20,2018-12-07 00:00:00,,,18,For Greenhouse,0,,,0,,
1294,20,2018-12-07 00:00:00,,,53,,0,,,0,,
1295,20,2018-12-10 00:00:00,,,196,,0,,,0,,
1297,20,2018-12-10 00:00:00,2019-04-01 00:00:00,,6,6341373,0,,,0,,88
1299,20,2018-12-11 00:00:00,2019-04-01 00:00:00,,204,6315629,0,,,0,,88
1300,20,2018-12-11 00:00:00,2019-03-11 00:00:00,,6,6315625,0,,,0,,88
1301,20,2018-12-11 00:00:00,2019-04-01 00:00:00,,94,6315628,0,,,0,,88
1302,20,2018-12-11 00:00:00,2019-04-22 00:00:00,,94,6339578,0,,,0,,88
1303,20,2018-12-11 00:00:00,2019-04-01 00:00:00,,220,6341372,0,,,0,,88
1304,20,2018-12-11 00:00:00,2019-03-18 00:00:00,,93,6315624,0,,,0,,88
1305,20,2018-12-11 00:00:00,2019-03-04 00:00:00,,204,6315626,0,,,0,,88
1306,20,2018-12-11 00:00:00,2019-05-06 00:00:00,,100,,0,,,0,,50
1307,19,2018-12-18 00:00:00,2019-03-04 00:00:00,,28,50097,0,,,0,,3
1309,20,2018-12-18 00:00:00,2019-03-04 00:00:00,,212,39396,0,,,0,,3
1310,20,2018-12-18 00:00:00,2019-03-18 00:00:00,,28,50110,0,,,0,,3
1311,20,2018-12-18 00:00:00,2019-04-08 00:00:00,,28,050115,0,,,0,,3
1312,20,2018-12-18 00:00:00,2019-04-15 00:00:00,,208,039385,0,,,0,,3
1313,21,2018-12-18 00:00:00,2020-03-02 00:00:00,,26,1,0,,,0,,50
1314,20,2018-12-18 00:00:00,2019-04-08 00:00:00,,26,2,0,,,0,,50
1315,20,2018-12-19 00:00:00,2019-03-11 00:00:00,,194,58335,0,,,0,,3
1316,20,2018-12-19 00:00:00,2019-03-11 00:00:00,,28,50101,0,,,0,,3
1317,20,2018-12-19 00:00:00,2019-03-11 00:00:00,,212,58315,0,,,0,,3
1318,20,2018-12-19 00:00:00,2019-04-01 00:00:00,,28,050113,0,,,0,,3
1319,20,2018-12-19 00:00:00,2019-04-01 00:00:00,,195,17893,0,,,0,,3
1320,20,2018-12-28 00:00:00,,,18,Field,0,,,0,,
1321,20,2018-12-28 00:00:00,2019-01-01 00:00:00,,18,For field,0,,,0,,50
1322,20,2018-11-13 00:00:00,2019-04-01 00:00:00,,86,V0194251,0,,,0,,50
1323,20,2019-02-06 00:00:00,2019-03-11 00:00:00,,6,6315616,0,,,0,,88
1324,20,2019-02-06 00:00:00,2019-03-25 00:00:00,,6,6315620,0,,,0,,88
1325,20,2019-03-05 00:00:00,2019-03-11 00:00:00,,211,,0,,,0,,50
1326,20,2019-03-05 00:00:00,2019-05-05 00:00:00,,102,2999756,0,,,0,,50
1327,20,2019-03-06 00:00:00,,,19,,0,,,0,,50
1328,20,2019-03-06 00:00:00,,,192,,0,,,0,,50
1329,20,2018-12-27 00:00:00,,,221,,0,,,0,,
1330,20,2019-01-02 00:00:00,,,185,190012,0,,,0,,50
1331,21,2019-11-21 00:00:00,2020-03-02 00:00:00,,36,095587,0,,,0,,3
1332,21,2019-11-21 00:00:00,2020-03-02 00:00:00,,25,095589,0,,,0,,3
1333,21,2019-11-21 00:00:00,2020-03-02 00:00:00,,218,095594,0,,,0,,3
1334,21,2019-11-21 00:00:00,2020-03-02 00:00:00,,34,088112,0,,,0,,3
1335,21,2019-11-21 00:00:00,2020-03-09 00:00:00,,212,077164,0,,,0,,3
1336,21,2019-11-21 00:00:00,2020-03-09 00:00:00,,219,095611,0,,,0,,3
1337,21,2019-11-21 00:00:00,2020-03-09 00:00:00,,25,095612,0,,,0,,3
1339,21,2019-11-21 00:00:00,2020-03-02 00:00:00,,28,088111,0,,,0,,3
1340,21,2019-11-25 00:00:00,2019-03-09 00:00:00,,206,095607,0,,,0,,3
1341,21,2019-11-25 00:00:00,2020-03-09 00:00:00,,194,095606,0,,,0,,3
1342,21,2019-11-25 00:00:00,2020-03-09 00:00:00,,212,095610,0,,,0,,3
1343,21,2019-11-25 00:00:00,2020-03-09 00:00:00,,28,088121,0,,,0,,3
1344,21,2019-11-25 00:00:00,2020-03-16 00:00:00,,25,095605,0,,,0,,3
1345,21,2019-11-25 00:00:00,2020-03-16 00:00:00,,194,095604,0,,,0,,3
1346,21,2019-11-25 00:00:00,2020-03-16 00:00:00,,28,088126,0,,,0,,3
1347,21,2019-11-25 00:00:00,2020-03-23 00:00:00,,184,095596,0,,,0,,3
1348,21,2019-11-25 00:00:00,2020-03-23 00:00:00,,212,077165,0,,,0,,3
1349,21,2019-11-25 00:00:00,2020-03-23 00:00:00,,23,095601,0,,,0,,3
1350,21,2019-11-25 00:00:00,2020-03-23 00:00:00,,9,082936,0,,,0,,3
1351,21,2019-12-02 00:00:00,2020-03-30 00:00:00,,194,095599,0,,,0,,3
1353,21,2019-12-02 00:00:00,2020-03-09 00:00:00,,9,082925,0,,,0,,3
1354,21,2019-12-02 00:00:00,2020-03-30 00:00:00,,28,088127,0,,,0,,3
1355,21,2019-12-02 00:00:00,2020-03-30 00:00:00,,195,095598,0,,,0,,3
1356,21,2019-12-02 00:00:00,2020-03-30 00:00:00,,25,095600,0,,,0,,3
1357,21,2019-12-02 00:00:00,2020-04-06 00:00:00,,28,088129,0,,,0,,3
1358,21,2019-12-02 00:00:00,2020-04-06 00:00:00,,217,095597,0,,,0,,3
1359,21,2019-12-02 00:00:00,2020-04-06 00:00:00,,212,095591,0,,,0,,3
1360,21,2019-12-03 00:00:00,2020-04-06 00:00:00,,208,077020,0,,,0,,3
1361,21,2019-12-03 00:00:00,2020-04-20 00:00:00,,220,095584,0,,,0,,3
1362,21,2019-12-03 00:00:00,2020-05-04 00:00:00,,212,095595,0,,,0,,3
1363,21,2019-12-03 00:00:00,2020-04-01 00:00:00,,86,V0203502,0,,,0,,50
1364,21,2019-12-03 00:00:00,2020-03-30 00:00:00,,86,V0203563,0,,,0,,50
1365,21,2019-12-03 00:00:00,2020-03-02 00:00:00,,204,6718138,0,,,0,,88
1366,21,2019-12-03 00:00:00,2020-03-02 00:00:00,,25,6718224,0,,,0,,88
1367,21,2019-12-03 00:00:00,2020-03-02 00:00:00,,90,6718225,0,,,0,,88
1368,21,2019-12-03 00:00:00,2020-03-09 00:00:00,,25,6718226,0,,,0,,88
1369,21,2019-12-03 00:00:00,2020-03-09 00:00:00,,6,6718316,0,,,0,,88
1370,21,2019-12-03 00:00:00,2020-03-16 00:00:00,,5,6718332,0,,,0,,88
1371,21,2019-12-03 00:00:00,2020-03-16 00:00:00,,193,6718352,0,,,0,,88
1372,21,2019-12-03 00:00:00,2020-03-16 00:00:00,,93,6718350,0,,,0,,88
1373,21,2019-12-03 00:00:00,2020-03-30 00:00:00,,216,6718634,0,,,0,,88
1374,21,2019-12-03 00:00:00,2020-03-30 00:00:00,,94,6718405,0,,,0,,88
1375,21,2019-12-05 00:00:00,2020-03-30 00:00:00,,204,6718434,0,,,0,,88
1376,21,2019-12-05 00:00:00,2020-05-10 00:00:00,,105,,0,,,0,,50
1377,20,2019-12-05 00:00:00,,,26,,0,,,0,,
1378,20,2019-12-05 00:00:00,,,26,,0,,,0,,
1379,20,2019-12-05 00:00:00,,,26,,0,,,0,,
1381,21,2019-12-05 00:00:00,2020-04-06 00:00:00,,26,2,0,,,0,,50
1382,21,2019-12-10 00:00:00,,,18,Greenhouse,0,,,0,,50
1383,21,2019-12-10 00:00:00,,,80,,0,,,0,,50
1384,21,2019-12-10 00:00:00,,,53,1,0,,,0,,50
1385,21,2019-12-10 00:00:00,,,196,,0,,,0,,50
1386,21,2019-12-10 00:00:00,,,14,,0,,,0,,50
1387,21,2019-12-13 00:00:00,,,12,,0,,,0,,50
1388,21,2020-01-14 00:00:00,2020-03-27 00:00:00,,211,,0,,,0,,50
1389,21,2020-01-14 00:00:00,2020-04-01 00:00:00,,53,2,0,,,0,,50
1390,21,2020-01-22 00:00:00,2020-03-23 00:00:00,,187,SO29952,0,,,0,,50
1391,21,2020-01-22 00:00:00,2020-03-16 00:00:00,,187,SO29951,0,,,0,,50
1392,21,2020-01-22 00:00:00,2020-03-09 00:00:00,,187,SO29950,0,,,0,,50
1393,21,2020-01-22 00:00:00,2020-03-30 00:00:00,,187,SO29954,0,,,0,,50
1394,21,2020-01-22 00:00:00,2020-03-09 00:00:00,,199,1068204,0,,,0,,50
1395,21,2020-01-22 00:00:00,2020-03-23 00:00:00,,199,1068207,0,,,0,,50
1396,21,2020-01-30 00:00:00,2020-03-09 00:00:00,,222,100961,0,,,0,,3
1397,21,2020-01-30 00:00:00,2020-03-30 00:00:00,,220,099825,0,,,0,,3
1398,21,2020-01-30 00:00:00,2020-03-30 00:00:00,,86,VO203556,0,,,0,,50
1399,21,2020-02-03 00:00:00,2020-03-16 00:00:00,,26,3,0,,,0,,50
1400,21,2020-02-03 00:00:00,2020-05-15 00:00:00,,102,,0,,,0,,50
1402,22,2020-11-03 00:00:00,2021-05-10 00:00:00,,105,,0,,,0,,
1403,22,2020-11-11 00:00:00,,,14,,0,,,0,,
1404,22,2020-11-16 00:00:00,,,18,,0,,,0,,50
1406,22,2020-11-16 00:00:00,,,196,,0,,,0,,50
1407,22,2020-11-16 00:00:00,,,53,,0,,,0,,50
1408,22,2020-11-16 00:00:00,,,12,,0,,,0,,50
1409,22,2020-11-23 00:00:00,2021-03-01 00:00:00,,223,134596,0,,,0,,3
1410,22,2020-11-23 00:00:00,2021-03-01 00:00:00,,206,111515,0,,,0,,3
1411,22,2020-11-23 00:00:00,2021-03-29 00:00:00,,220,111554,0,,,0,,3
1412,22,2020-11-23 00:00:00,2021-03-08 00:00:00,,222,111531,0,,,0,,3
1413,22,2020-11-23 00:00:00,2021-03-08 00:00:00,,219,111520,0,,,0,,3
1414,22,2020-11-23 00:00:00,2021-03-15 00:00:00,,25,111535,0,,,0,,3
1416,22,2020-11-23 00:00:00,2021-03-15 00:00:00,,194,111532,0,,,0,,3
1417,22,2020-11-23 00:00:00,2021-03-22 00:00:00,,93,7108851,0,,,0,,88
1418,22,2020-11-23 00:00:00,2021-03-29 00:00:00,,194,717063,0,,,0,,88
1419,22,2020-11-23 00:00:00,2021-03-29 00:00:00,,194,7170602,0,,,0,,88
1420,22,2020-11-23 00:00:00,2021-03-15 00:00:00,,6,7108845,0,,,0,,88
1421,22,2020-06-17 00:00:00,2021-03-22 00:00:00,,212,111543,0,,,0,,3
1422,22,2020-11-23 00:00:00,2021-04-05 00:00:00,,28,111552,0,,,0,,3
1423,22,2020-11-23 00:00:00,2021-03-01 00:00:00,,224,117632,0,,,0,,3
1424,22,2020-11-23 00:00:00,2021-03-22 00:00:00,,5,7108858,0,,,0,,88
1425,22,2020-11-23 00:00:00,2021-03-08 00:00:00,,204,7108815,0,,,0,,88
1426,22,2020-11-23 00:00:00,2021-03-29 00:00:00,,187,SO36747,0,,,0,,50
1427,22,2020-11-23 00:00:00,2020-03-15 00:00:00,,187,SO36745,0,,,0,,50
1428,22,2020-11-23 00:00:00,2021-03-22 00:00:00,,187,SO36746,0,,,0,,50
1429,22,2020-11-23 00:00:00,2021-04-05 00:00:00,,217,111548,0,,,0,,3
1430,22,2020-11-23 00:00:00,2021-03-08 00:00:00,,9,111512,0,,,0,,3
1431,22,2020-11-23 00:00:00,2021-03-08 00:00:00,,28,111534,0,,,0,,3
1432,22,2020-11-23 00:00:00,2021-03-29 00:00:00,,194,111547,0,,,0,,3
1434,22,2020-11-23 00:00:00,2021-03-22 00:00:00,,184,111540,0,,,0,,3
1435,22,2020-11-23 00:00:00,2021-03-08 00:00:00,,25,111519,0,,,0,,3
1436,22,2020-11-23 00:00:00,2021-03-29 00:00:00,,28,111544,0,,,0,,3
1437,22,2020-11-23 00:00:00,2021-03-08 00:00:00,,212,111514,0,,,0,,3
1438,22,2020-11-24 00:00:00,2021-03-22 00:00:00,,9,111537,0,,,0,,3
1439,22,2020-12-09 00:00:00,2021-04-05 00:00:00,,94,7108919,0,,,0,,88
1445,22,2020-12-09 00:00:00,2021-04-05 00:00:00,,204,7108922,0,,,0,,88
1446,22,2020-12-09 00:00:00,2021-03-08 00:00:00,,28,111506,0,,,0,,3
1447,22,2020-12-11 00:00:00,2021-03-08 00:00:00,,212,111517,0,,,0,,3
1448,22,2020-12-14 00:00:00,2021-03-29 00:00:00,,86,VO216548,0,,,0,,50
1449,22,2020-12-14 00:00:00,2021-03-08 00:00:00,,90,7108244,0,,,0,,88
1450,22,2020-12-14 00:00:00,2021-03-15 00:00:00,,25,7108841,0,,,0,,88
1451,22,2020-12-14 00:00:00,2021-04-01 00:00:00,,86,VO215675,0,,,0,,50
1452,22,2020-12-14 00:00:00,2021-04-01 00:00:00,,86,VO215676,0,,,0,,50
1453,22,2020-12-14 00:00:00,2021-03-05 00:00:00,,26,1,0,,,0,,50
1454,22,2020-12-14 00:00:00,2021-04-05 00:00:00,,26,2,0,,,0,,50
1456,0,2021-01-04 00:00:00,,,199,,0,,,0,,
1458,22,2021-01-04 00:00:00,2021-03-22 00:00:00,,199,1156812,0,,,0,,50
1459,22,2021-01-04 00:00:00,2021-03-08 00:00:00,,199,1156811,0,,,0,,50
1460,22,2021-02-04 00:00:00,2021-03-22 00:00:00,,225,7281443,0,,,0,,88
1461,22,2021-02-04 00:00:00,2021-05-03 00:00:00,,212,111555,0,,,0,,3
1462,22,2021-02-04 00:00:00,2021-03-30 00:00:00,,211,,0,,,0,,50
1463,22,2021-02-04 00:00:00,2021-05-15 00:00:00,,102,,0,,,0,,50
1464,22,2021-02-08 00:00:00,2021-04-19 00:00:00,,208,116119,0,,,0,,3
1465,22,2021-02-18 00:00:00,2021-03-01 00:00:00,,25,111343,0,,,0,,3
1466,21,2021-02-18 00:00:00,2021-03-01 00:00:00,,36,111344,0,,,0,,3
1467,22,2021-02-25 00:00:00,2021-04-05 00:00:00,,212,111549,0,,,0,,3
1468,22,2021-02-25 00:00:00,2021-04-05 00:00:00,,94,124653,0,,,0,,3
1469,22,2021-03-04 00:00:00,2021-03-01 00:00:00,,218,111326,0,,,0,,3